-- MySQL dump 10.13  Distrib 8.0.36, for Win64 (x86_64)
--
-- Host: localhost    Database: battle-of-eternals
-- ------------------------------------------------------
-- Server version	8.0.36

/*!40101 SET @OLD_CHARACTER_SET_CLIENT=@@CHARACTER_SET_CLIENT */;
/*!40101 SET @OLD_CHARACTER_SET_RESULTS=@@CHARACTER_SET_RESULTS */;
/*!40101 SET @OLD_COLLATION_CONNECTION=@@COLLATION_CONNECTION */;
/*!50503 SET NAMES utf8 */;
/*!40103 SET @OLD_TIME_ZONE=@@TIME_ZONE */;
/*!40103 SET TIME_ZONE='+00:00' */;
/*!40014 SET @OLD_UNIQUE_CHECKS=@@UNIQUE_CHECKS, UNIQUE_CHECKS=0 */;
/*!40014 SET @OLD_FOREIGN_KEY_CHECKS=@@FOREIGN_KEY_CHECKS, FOREIGN_KEY_CHECKS=0 */;
/*!40101 SET @OLD_SQL_MODE=@@SQL_MODE, SQL_MODE='NO_AUTO_VALUE_ON_ZERO' */;
/*!40111 SET @OLD_SQL_NOTES=@@SQL_NOTES, SQL_NOTES=0 */;

--
-- Table structure for table `buildinglevels`
--

DROP TABLE IF EXISTS `buildinglevels`;
/*!40101 SET @saved_cs_client     = @@character_set_client */;
/*!50503 SET character_set_client = utf8mb4 */;
CREATE TABLE `buildinglevels` (
  `id` int NOT NULL AUTO_INCREMENT,
  `building_id` int NOT NULL,
  `level` int NOT NULL,
  `cost` json DEFAULT NULL,
  `stats` json DEFAULT NULL,
  `build_time` int DEFAULT NULL,
  PRIMARY KEY (`id`),
  KEY `building_id` (`building_id`),
  CONSTRAINT `buildinglevels_ibfk_1` FOREIGN KEY (`building_id`) REFERENCES `buildings` (`id`)
) ENGINE=InnoDB AUTO_INCREMENT=518 DEFAULT CHARSET=utf8mb4 COLLATE=utf8mb4_0900_ai_ci;
/*!40101 SET character_set_client = @saved_cs_client */;

--
-- Dumping data for table `buildinglevels`
--

LOCK TABLES `buildinglevels` WRITE;
/*!40000 ALTER TABLE `buildinglevels` DISABLE KEYS */;
INSERT INTO `buildinglevels` VALUES (11,1,1,'{\"iron\": 0, \"wood\": 0, \"stone\": 0, \"wheat\": 0}','{\"civilization_points\": 5, \"build_time_reduction\": 0, \"population_consumers\": 3}',900),(12,1,2,'{\"iron\": 220, \"wood\": 270, \"stone\": 250, \"wheat\": 200}','{\"civilization_points\": 10, \"build_time_reduction\": 5, \"population_consumers\": 5}',1080),(13,1,3,'{\"iron\": 290, \"wood\": 400, \"stone\": 350, \"wheat\": 250}','{\"civilization_points\": 15, \"build_time_reduction\": 6, \"population_consumers\": 7}',1200),(14,1,4,'{\"iron\": 350, \"wood\": 500, \"stone\": 410, \"wheat\": 270}','{\"civilization_points\": 20, \"build_time_reduction\": 7, \"population_consumers\": 10}',1500),(15,1,5,'{\"iron\": 500, \"wood\": 700, \"stone\": 570, \"wheat\": 420}','{\"civilization_points\": 22, \"build_time_reduction\": 8, \"population_consumers\": 12}',1800),(16,1,6,'{\"iron\": 780, \"wood\": 950, \"stone\": 850, \"wheat\": 700}','{\"civilization_points\": 25, \"build_time_reduction\": 9, \"population_consumers\": 15}',2700),(17,1,7,'{\"iron\": 1100, \"wood\": 1500, \"stone\": 1200, \"wheat\": 1000}','{\"civilization_points\": 28, \"build_time_reduction\": 10, \"population_consumers\": 16}',3000),(18,1,8,'{\"iron\": 1200, \"wood\": 1600, \"stone\": 1300, \"wheat\": 1100}','{\"civilization_points\": 30, \"build_time_reduction\": 11, \"population_consumers\": 17}',4200),(19,1,9,'{\"iron\": 1300, \"wood\": 1800, \"stone\": 1400, \"wheat\": 1200}','{\"civilization_points\": 35, \"build_time_reduction\": 13, \"population_consumers\": 19}',5100),(20,1,10,'{\"iron\": 1700, \"wood\": 2100, \"stone\": 1800, \"wheat\": 1500}','{\"civilization_points\": 40, \"build_time_reduction\": 14, \"population_consumers\": 21}',6000),(21,1,11,'{\"iron\": 5200, \"wood\": 7500, \"stone\": 6500, \"wheat\": 4000}','{\"civilization_points\": 42, \"build_time_reduction\": 15, \"population_consumers\": 24}',6600),(22,1,12,'{\"iron\": 9000, \"wood\": 11000, \"stone\": 9500, \"wheat\": 8000}','{\"civilization_points\": 44, \"build_time_reduction\": 17, \"population_consumers\": 27}',7800),(23,1,13,'{\"iron\": 10500, \"wood\": 14500, \"stone\": 12000, \"wheat\": 10000}','{\"civilization_points\": 48, \"build_time_reduction\": 20, \"population_consumers\": 29}',8700),(24,1,14,'{\"iron\": 14000, \"wood\": 18000, \"stone\": 16000, \"wheat\": 12000}','{\"civilization_points\": 50, \"build_time_reduction\": 23, \"population_consumers\": 30}',11400),(25,1,15,'{\"iron\": 35000, \"wood\": 40000, \"stone\": 30000, \"wheat\": 25000}','{\"civilization_points\": 60, \"build_time_reduction\": 25, \"population_consumers\": 31}',13500),(26,1,16,'{\"iron\": 60000, \"wood\": 65000, \"stone\": 50000, \"wheat\": 35000}','{\"civilization_points\": 65, \"build_time_reduction\": 27, \"population_consumers\": 34}',16200),(27,1,17,'{\"iron\": 80000, \"wood\": 90000, \"stone\": 65000, \"wheat\": 55000}','{\"civilization_points\": 68, \"build_time_reduction\": 29, \"population_consumers\": 35}',19200),(28,1,18,'{\"iron\": 100000, \"wood\": 120000, \"stone\": 90000, \"wheat\": 70000}','{\"civilization_points\": 70, \"build_time_reduction\": 30, \"population_consumers\": 37}',39000),(29,1,19,'{\"iron\": 170000, \"wood\": 200000, \"stone\": 130000, \"wheat\": 100000}','{\"civilization_points\": 72, \"build_time_reduction\": 32, \"population_consumers\": 39}',60600),(30,1,20,'{\"iron\": 250000, \"wood\": 300000, \"stone\": 180000, \"wheat\": 130000}','{\"civilization_points\": 75, \"build_time_reduction\": 35, \"population_consumers\": 42}',129600),(31,1,21,'{\"iron\": 400000, \"wood\": 450000, \"stone\": 280000, \"wheat\": 160000}','{\"civilization_points\": 80, \"build_time_reduction\": 36, \"population_consumers\": 43}',180000),(32,1,22,'{\"iron\": 520000, \"wood\": 670000, \"stone\": 390000, \"wheat\": 280000}','{\"civilization_points\": 90, \"build_time_reduction\": 37, \"population_consumers\": 44}',244800),(33,1,23,'{\"iron\": 700000, \"wood\": 850000, \"stone\": 500000, \"wheat\": 400000}','{\"civilization_points\": 95, \"build_time_reduction\": 38, \"population_consumers\": 45}',262800),(34,1,24,'{\"iron\": 900000, \"wood\": 1000000, \"stone\": 650000, \"wheat\": 500000}','{\"civilization_points\": 100, \"build_time_reduction\": 39, \"population_consumers\": 47}',363600),(35,1,25,'{\"iron\": 1000000, \"wood\": 1200000, \"stone\": 800000, \"wheat\": 600000}','{\"civilization_points\": 110, \"build_time_reduction\": 40, \"population_consumers\": 50}',698400),(36,1,26,'{\"iron\": 1200000, \"wood\": 1400000, \"stone\": 970000, \"wheat\": 750000}','{\"civilization_points\": 140, \"build_time_reduction\": 41, \"population_consumers\": 53}',892800),(37,1,27,'{\"iron\": 1500000, \"wood\": 1800000, \"stone\": 1200000, \"wheat\": 930000}','{\"civilization_points\": 150, \"build_time_reduction\": 42, \"population_consumers\": 54}',1044000),(38,1,28,'{\"iron\": 2000000, \"wood\": 2200000, \"stone\": 1500000, \"wheat\": 1200000}','{\"civilization_points\": 155, \"build_time_reduction\": 43, \"population_consumers\": 58}',1090800),(39,1,29,'{\"iron\": 2500000, \"wood\": 3000000, \"stone\": 1900000, \"wheat\": 1500000}','{\"civilization_points\": 160, \"build_time_reduction\": 45, \"population_consumers\": 62}',1141200),(40,1,30,'{\"iron\": 3000000, \"wood\": 4000000, \"stone\": 2300000, \"wheat\": 1800000}','{\"civilization_points\": 190, \"build_time_reduction\": 50, \"population_consumers\": 66}',1728000),(41,2,1,'{\"iron\": 0, \"wood\": 0, \"stone\": 0, \"wheat\": 0}','{\"wheat_production\": 60, \"civilization_points\": 5, \"population_consumers\": 0}',0),(42,2,2,'{\"iron\": 150, \"wood\": 80, \"stone\": 250, \"wheat\": 220}','{\"wheat_production\": 180, \"civilization_points\": 10, \"population_consumers\": 0}',600),(43,2,3,'{\"iron\": 240, \"wood\": 150, \"stone\": 350, \"wheat\": 290}','{\"wheat_production\": 300, \"civilization_points\": 15, \"population_consumers\": 0}',900),(44,2,4,'{\"iron\": 300, \"wood\": 270, \"stone\": 500, \"wheat\": 450}','{\"wheat_production\": 600, \"civilization_points\": 20, \"population_consumers\": 3}',1200),(45,2,5,'{\"iron\": 350, \"wood\": 310, \"stone\": 620, \"wheat\": 550}','{\"wheat_production\": 780, \"civilization_points\": 22, \"population_consumers\": 6}',1380),(46,2,6,'{\"iron\": 460, \"wood\": 400, \"stone\": 850, \"wheat\": 780}','{\"wheat_production\": 1080, \"civilization_points\": 25, \"population_consumers\": 8}',1800),(47,2,7,'{\"iron\": 2000, \"wood\": 1000, \"stone\": 2800, \"wheat\": 2400}','{\"wheat_production\": 1260, \"civilization_points\": 28, \"population_consumers\": 10}',7200),(48,2,8,'{\"iron\": 3500, \"wood\": 1300, \"stone\": 4500, \"wheat\": 4000}','{\"wheat_production\": 1560, \"civilization_points\": 30, \"population_consumers\": 12}',12300),(49,2,9,'{\"iron\": 6000, \"wood\": 2000, \"stone\": 8000, \"wheat\": 7000}','{\"wheat_production\": 2400, \"civilization_points\": 35, \"population_consumers\": 15}',20400),(50,2,10,'{\"iron\": 13000, \"wood\": 4000, \"stone\": 17000, \"wheat\": 15000}','{\"wheat_production\": 4800, \"civilization_points\": 40, \"population_consumers\": 18}',28200),(51,2,11,'{\"iron\": 16000, \"wood\": 6000, \"stone\": 22000, \"wheat\": 18000}','{\"wheat_production\": 7080, \"civilization_points\": 45, \"population_consumers\": 20}',34200),(52,2,12,'{\"iron\": 18000, \"wood\": 7000, \"stone\": 25000, \"wheat\": 20000}','{\"wheat_production\": 11160, \"civilization_points\": 50, \"population_consumers\": 20}',37800),(53,2,13,'{\"iron\": 20000, \"wood\": 8000, \"stone\": 30000, \"wheat\": 24000}','{\"wheat_production\": 19500, \"civilization_points\": 55, \"population_consumers\": 23}',40800),(54,2,14,'{\"iron\": 24000, \"wood\": 9000, \"stone\": 35000, \"wheat\": 28000}','{\"wheat_production\": 26580, \"civilization_points\": 60, \"population_consumers\": 26}',43800),(55,2,15,'{\"iron\": 28000, \"wood\": 10000, \"stone\": 40000, \"wheat\": 32000}','{\"wheat_production\": 31380, \"civilization_points\": 65, \"population_consumers\": 27}',46800),(56,2,16,'{\"iron\": 32000, \"wood\": 11000, \"stone\": 45000, \"wheat\": 36000}','{\"wheat_production\": 38580, \"civilization_points\": 70, \"population_consumers\": 29}',50400),(57,2,17,'{\"iron\": 36000, \"wood\": 12000, \"stone\": 50000, \"wheat\": 40000}','{\"wheat_production\": 45660, \"civilization_points\": 75, \"population_consumers\": 31}',54000),(58,2,18,'{\"iron\": 40000, \"wood\": 13000, \"stone\": 55000, \"wheat\": 44000}','{\"wheat_production\": 56820, \"civilization_points\": 80, \"population_consumers\": 34}',57600),(59,2,19,'{\"iron\": 44000, \"wood\": 14000, \"stone\": 60000, \"wheat\": 48000}','{\"wheat_production\": 70380, \"civilization_points\": 85, \"population_consumers\": 35}',61200),(60,2,20,'{\"iron\": 48000, \"wood\": 15000, \"stone\": 65000, \"wheat\": 52000}','{\"wheat_production\": 89880, \"civilization_points\": 90, \"population_consumers\": 37}',64800),(61,2,21,'{\"iron\": 52000, \"wood\": 16000, \"stone\": 70000, \"wheat\": 56000}','{\"wheat_production\": 121260, \"civilization_points\": 95, \"population_consumers\": 40}',68400),(62,2,22,'{\"iron\": 56000, \"wood\": 17000, \"stone\": 75000, \"wheat\": 60000}','{\"wheat_production\": 166920, \"civilization_points\": 100, \"population_consumers\": 42}',72000),(63,2,23,'{\"iron\": 60000, \"wood\": 18000, \"stone\": 80000, \"wheat\": 64000}','{\"wheat_production\": 213000, \"civilization_points\": 105, \"population_consumers\": 45}',75600),(64,2,24,'{\"iron\": 64000, \"wood\": 19000, \"stone\": 85000, \"wheat\": 68000}','{\"wheat_production\": 239700, \"civilization_points\": 110, \"population_consumers\": 47}',79200),(65,2,25,'{\"iron\": 68000, \"wood\": 20000, \"stone\": 90000, \"wheat\": 72000}','{\"wheat_production\": 304860, \"civilization_points\": 115, \"population_consumers\": 50}',82800),(66,2,26,'{\"iron\": 72000, \"wood\": 21000, \"stone\": 95000, \"wheat\": 76000}','{\"wheat_production\": 424980, \"civilization_points\": 120, \"population_consumers\": 53}',86400),(67,2,27,'{\"iron\": 76000, \"wood\": 22000, \"stone\": 100000, \"wheat\": 80000}','{\"wheat_production\": 534600, \"civilization_points\": 125, \"population_consumers\": 56}',90000),(68,2,28,'{\"iron\": 80000, \"wood\": 23000, \"stone\": 105000, \"wheat\": 84000}','{\"wheat_production\": 693600, \"civilization_points\": 130, \"population_consumers\": 60}',93600),(69,2,29,'{\"iron\": 84000, \"wood\": 24000, \"stone\": 110000, \"wheat\": 88000}','{\"wheat_production\": 783480, \"civilization_points\": 135, \"population_consumers\": 64}',97200),(70,2,30,'{\"iron\": 88000, \"wood\": 25000, \"stone\": 115000, \"wheat\": 92000}','{\"wheat_production\": 951000, \"civilization_points\": 140, \"population_consumers\": 68}',100800),(81,3,1,'{\"iron\": 0, \"wood\": 0, \"stone\": 0, \"wheat\": 0}','{\"stone_production\": 60, \"civilization_points\": 5, \"population_consumers\": 3}',0),(82,3,2,'{\"iron\": 220, \"wood\": 250, \"stone\": 60, \"wheat\": 150}','{\"stone_production\": 180, \"civilization_points\": 10, \"population_consumers\": 6}',600),(83,3,3,'{\"iron\": 280, \"wood\": 340, \"stone\": 90, \"wheat\": 190}','{\"stone_production\": 300, \"civilization_points\": 15, \"population_consumers\": 8}',1200),(84,3,4,'{\"iron\": 350, \"wood\": 450, \"stone\": 110, \"wheat\": 250}','{\"stone_production\": 600, \"civilization_points\": 20, \"population_consumers\": 10}',1380),(85,3,5,'{\"iron\": 420, \"wood\": 550, \"stone\": 130, \"wheat\": 300}','{\"stone_production\": 780, \"civilization_points\": 22, \"population_consumers\": 12}',1800),(86,3,6,'{\"iron\": 900, \"wood\": 1000, \"stone\": 300, \"wheat\": 800}','{\"stone_production\": 1080, \"civilization_points\": 25, \"population_consumers\": 15}',2400),(87,3,7,'{\"iron\": 3500, \"wood\": 4500, \"stone\": 1000, \"wheat\": 3000}','{\"stone_production\": 1260, \"civilization_points\": 28, \"population_consumers\": 16}',10800),(88,3,8,'{\"iron\": 5000, \"wood\": 6000, \"stone\": 1600, \"wheat\": 4500}','{\"stone_production\": 1560, \"civilization_points\": 30, \"population_consumers\": 18}',18000),(89,3,9,'{\"iron\": 7500, \"wood\": 9000, \"stone\": 2500, \"wheat\": 6000}','{\"stone_production\": 2400, \"civilization_points\": 35, \"population_consumers\": 20}',27000),(90,3,10,'{\"iron\": 15000, \"wood\": 17000, \"stone\": 4500, \"wheat\": 12000}','{\"stone_production\": 3000, \"civilization_points\": 40, \"population_consumers\": 22}',34200),(91,3,11,'{\"iron\": 20000, \"wood\": 24000, \"stone\": 7000, \"wheat\": 17000}','{\"stone_production\": 4080, \"civilization_points\": 42, \"population_consumers\": 24}',40800),(92,3,12,'{\"iron\": 40000, \"wood\": 55000, \"stone\": 15000, \"wheat\": 35000}','{\"stone_production\": 7260, \"civilization_points\": 44, \"population_consumers\": 27}',73500),(93,3,13,'{\"iron\": 70000, \"wood\": 75000, \"stone\": 25000, \"wheat\": 55000}','{\"stone_production\": 9000, \"civilization_points\": 48, \"population_consumers\": 30}',88500),(94,3,14,'{\"iron\": 100000, \"wood\": 120000, \"stone\": 40000, \"wheat\": 90000}','{\"stone_production\": 10200, \"civilization_points\": 50, \"population_consumers\": 33}',103500),(95,3,15,'{\"iron\": 200000, \"wood\": 240000, \"stone\": 70000, \"wheat\": 140000}','{\"stone_production\": 11460, \"civilization_points\": 55, \"population_consumers\": 35}',123000),(96,3,16,'{\"iron\": 370000, \"wood\": 400000, \"stone\": 150000, \"wheat\": 300000}','{\"stone_production\": 12720, \"civilization_points\": 60, \"population_consumers\": 36}',194000),(97,3,17,'{\"iron\": 490000, \"wood\": 550000, \"stone\": 200000, \"wheat\": 380000}','{\"stone_production\": 13980, \"civilization_points\": 65, \"population_consumers\": 38}',234000),(98,3,18,'{\"iron\": 700000, \"wood\": 750000, \"stone\": 300000, \"wheat\": 500000}','{\"stone_production\": 15300, \"civilization_points\": 70, \"population_consumers\": 40}',270000),(99,3,19,'{\"iron\": 900000, \"wood\": 1000000, \"stone\": 400000, \"wheat\": 650000}','{\"stone_production\": 17580, \"civilization_points\": 75, \"population_consumers\": 41}',324000),(100,3,20,'{\"iron\": 1000000, \"wood\": 1200000, \"stone\": 550000, \"wheat\": 800000}','{\"stone_production\": 20640, \"civilization_points\": 80, \"population_consumers\": 44}',432000),(101,3,21,'{\"iron\": 1200000, \"wood\": 1400000, \"stone\": 650000, \"wheat\": 980000}','{\"stone_production\": 17580, \"civilization_points\": 80, \"population_consumers\": 47}',1080000),(102,3,22,'{\"iron\": 1400000, \"wood\": 1600000, \"stone\": 900000, \"wheat\": 1100000}','{\"stone_production\": 20640, \"civilization_points\": 90, \"population_consumers\": 50}',1728000),(103,3,23,'{\"iron\": 1600000, \"wood\": 1800000, \"stone\": 1000000, \"wheat\": 1300000}','{\"stone_production\": 24700, \"civilization_points\": 95, \"population_consumers\": 53}',2880000),(104,3,24,'{\"iron\": 1900000, \"wood\": 2100000, \"stone\": 1100000, \"wheat\": 1600000}','{\"stone_production\": 25780, \"civilization_points\": 100, \"population_consumers\": 56}',3080000),(105,3,25,'{\"iron\": 2200000, \"wood\": 2400000, \"stone\": 1300000, \"wheat\": 1900000}','{\"stone_production\": 28900, \"civilization_points\": 110, \"population_consumers\": 59}',3870000),(106,3,26,'{\"iron\": 2500000, \"wood\": 2700000, \"stone\": 1500000, \"wheat\": 2200000}','{\"stone_production\": 32000, \"civilization_points\": 120, \"population_consumers\": 62}',4200000),(107,3,27,'{\"iron\": 2800000, \"wood\": 3000000, \"stone\": 1700000, \"wheat\": 2500000}','{\"stone_production\": 35000, \"civilization_points\": 130, \"population_consumers\": 65}',4600000),(108,3,28,'{\"iron\": 3200000, \"wood\": 3400000, \"stone\": 1900000, \"wheat\": 2800000}','{\"stone_production\": 38000, \"civilization_points\": 140, \"population_consumers\": 68}',5000000),(109,3,29,'{\"iron\": 3600000, \"wood\": 3800000, \"stone\": 2200000, \"wheat\": 3200000}','{\"stone_production\": 41000, \"civilization_points\": 150, \"population_consumers\": 71}',5400000),(110,3,30,'{\"iron\": 4000000, \"wood\": 4200000, \"stone\": 2500000, \"wheat\": 3600000}','{\"stone_production\": 44000, \"civilization_points\": 160, \"population_consumers\": 74}',5800000),(130,4,1,'{\"iron\": 0, \"wood\": 0, \"stone\": 0, \"wheat\": 0}','{\"wood_production\": 60, \"civilization_points\": 0, \"population_consumers\": 0}',0),(131,4,2,'{\"iron\": 200, \"wood\": 50, \"stone\": 140, \"wheat\": 150}','{\"wood_production\": 60, \"civilization_points\": 5, \"population_consumers\": 3}',600),(132,4,3,'{\"iron\": 280, \"wood\": 90, \"stone\": 200, \"wheat\": 220}','{\"wood_production\": 180, \"civilization_points\": 10, \"population_consumers\": 6}',900),(133,4,4,'{\"iron\": 350, \"wood\": 120, \"stone\": 250, \"wheat\": 280}','{\"wood_production\": 300, \"civilization_points\": 15, \"population_consumers\": 9}',1200),(134,4,5,'{\"iron\": 590, \"wood\": 200, \"stone\": 350, \"wheat\": 500}','{\"wood_production\": 600, \"civilization_points\": 20, \"population_consumers\": 12}',1800),(135,4,6,'{\"iron\": 1000, \"wood\": 500, \"stone\": 800, \"wheat\": 900}','{\"wood_production\": 780, \"civilization_points\": 25, \"population_consumers\": 15}',2400),(136,4,7,'{\"iron\": 4000, \"wood\": 1000, \"stone\": 2500, \"wheat\": 3000}','{\"wood_production\": 1080, \"civilization_points\": 28, \"population_consumers\": 18}',7800),(137,4,8,'{\"iron\": 7000, \"wood\": 1800, \"stone\": 4000, \"wheat\": 4500}','{\"wood_production\": 1260, \"civilization_points\": 30, \"population_consumers\": 21}',15000),(138,4,9,'{\"iron\": 7500, \"wood\": 2500, \"stone\": 5000, \"wheat\": 6000}','{\"wood_production\": 1560, \"civilization_points\": 35, \"population_consumers\": 24}',24000),(139,4,10,'{\"iron\": 17000, \"wood\": 4500, \"stone\": 12000, \"wheat\": 15000}','{\"wood_production\": 2400, \"civilization_points\": 40, \"population_consumers\": 27}',47000),(140,4,11,'{\"iron\": 24000, \"wood\": 7000, \"stone\": 17000, \"wheat\": 20000}','{\"wood_production\": 3000, \"civilization_points\": 42, \"population_consumers\": 30}',72000),(141,4,12,'{\"iron\": 55000, \"wood\": 15000, \"stone\": 35000, \"wheat\": 40000}','{\"wood_production\": 4080, \"civilization_points\": 48, \"population_consumers\": 33}',148500),(142,4,13,'{\"iron\": 75000, \"wood\": 25000, \"stone\": 55000, \"wheat\": 70000}','{\"wood_production\": 6000, \"civilization_points\": 55, \"population_consumers\": 36}',315000),(143,4,14,'{\"iron\": 120000, \"wood\": 40000, \"stone\": 90000, \"wheat\": 100000}','{\"wood_production\": 7260, \"civilization_points\": 60, \"population_consumers\": 39}',604800),(144,4,15,'{\"iron\": 240000, \"wood\": 70000, \"stone\": 140000, \"wheat\": 200000}','{\"wood_production\": 9000, \"civilization_points\": 70, \"population_consumers\": 42}',1036800),(145,4,16,'{\"iron\": 400000, \"wood\": 150000, \"stone\": 300000, \"wheat\": 370000}','{\"wood_production\": 10200, \"civilization_points\": 80, \"population_consumers\": 45}',10368000),(146,4,17,'{\"iron\": 550000, \"wood\": 200000, \"stone\": 350000, \"wheat\": 490000}','{\"wood_production\": 11460, \"civilization_points\": 90, \"population_consumers\": 48}',11520000),(147,4,18,'{\"iron\": 750000, \"wood\": 300000, \"stone\": 500000, \"wheat\": 700000}','{\"wood_production\": 12720, \"civilization_points\": 95, \"population_consumers\": 51}',13056000),(148,4,19,'{\"iron\": 1000000, \"wood\": 400000, \"stone\": 650000, \"wheat\": 900000}','{\"wood_production\": 13980, \"civilization_points\": 100, \"population_consumers\": 54}',17280000),(149,4,20,'{\"iron\": 1200000, \"wood\": 550000, \"stone\": 900000, \"wheat\": 1000000}','{\"stone_production\": 15300, \"civilization_points\": 110, \"population_consumers\": 57}',21600000),(150,4,21,'{\"iron\": 1200000, \"wood\": 1400000, \"stone\": 650000, \"wheat\": 980000}','{\"wood_production\": 17580, \"civilization_points\": 80, \"population_consumers\": 60}',6480000),(151,4,22,'{\"iron\": 1400000, \"wood\": 1600000, \"stone\": 900000, \"wheat\": 1100000}','{\"wood_production\": 20640, \"civilization_points\": 90, \"population_consumers\": 63}',10368000),(152,4,23,'{\"iron\": 1600000, \"wood\": 1800000, \"stone\": 1000000, \"wheat\": 1300000}','{\"wood_production\": 24700, \"civilization_points\": 95, \"population_consumers\": 66}',17280000),(153,4,24,'{\"iron\": 1900000, \"wood\": 2100000, \"stone\": 1100000, \"wheat\": 1600000}','{\"wood_production\": 25780, \"civilization_points\": 100, \"population_consumers\": 69}',18528000),(154,4,25,'{\"iron\": 2200000, \"wood\": 2400000, \"stone\": 1300000, \"wheat\": 1900000}','{\"wood_production\": 30000, \"civilization_points\": 110, \"population_consumers\": 72}',21600000),(155,4,26,'{\"iron\": 2500000, \"wood\": 2600000, \"stone\": 1500000, \"wheat\": 2100000}','{\"wood_production\": 33000, \"civilization_points\": 120, \"population_consumers\": 75}',24576000),(156,4,27,'{\"iron\": 2700000, \"wood\": 2800000, \"stone\": 1700000, \"wheat\": 2300000}','{\"wood_production\": 36000, \"civilization_points\": 130, \"population_consumers\": 78}',27648000),(157,4,28,'{\"iron\": 2900000, \"wood\": 3000000, \"stone\": 1900000, \"wheat\": 2500000}','{\"wood_production\": 39000, \"civilization_points\": 140, \"population_consumers\": 81}',30240000),(158,4,29,'{\"iron\": 3100000, \"wood\": 3200000, \"stone\": 2100000, \"wheat\": 2700000}','{\"wood_production\": 42000, \"civilization_points\": 150, \"population_consumers\": 84}',33096000),(159,4,30,'{\"iron\": 3400000, \"wood\": 3400000, \"stone\": 2300000, \"wheat\": 3000000}','{\"wood_production\": 45000, \"civilization_points\": 160, \"population_consumers\": 87}',36000000),(160,5,1,'{\"iron\": 0, \"wood\": 0, \"stone\": 0, \"wheat\": 0}','{\"iron_production\": 60, \"civilization_points\": 5, \"population_consumers\": 0}',0),(161,5,2,'{\"iron\": 50, \"wood\": 150, \"stone\": 140, \"wheat\": 100}','{\"iron_production\": 180, \"civilization_points\": 10, \"population_consumers\": 0}',600),(162,5,3,'{\"iron\": 80, \"wood\": 220, \"stone\": 200, \"wheat\": 120}','{\"iron_production\": 300, \"civilization_points\": 15, \"population_consumers\": 0}',900),(163,5,4,'{\"iron\": 110, \"wood\": 320, \"stone\": 310, \"wheat\": 150}','{\"iron_production\": 600, \"civilization_points\": 20, \"population_consumers\": 1}',1380),(164,5,5,'{\"iron\": 190, \"wood\": 680, \"stone\": 650, \"wheat\": 300}','{\"iron_production\": 780, \"civilization_points\": 22, \"population_consumers\": 2}',1800),(165,5,6,'{\"iron\": 300, \"wood\": 1000, \"stone\": 1000, \"wheat\": 800}','{\"iron_production\": 1080, \"civilization_points\": 25, \"population_consumers\": 3}',5400),(166,5,7,'{\"iron\": 1000, \"wood\": 4000, \"stone\": 3500, \"wheat\": 2500}','{\"iron_production\": 1260, \"civilization_points\": 28, \"population_consumers\": 4}',7800),(167,5,8,'{\"iron\": 2000, \"wood\": 8000, \"stone\": 8000, \"wheat\": 6000}','{\"iron_production\": 1560, \"civilization_points\": 30, \"population_consumers\": 5}',12600),(168,5,9,'{\"iron\": 3500, \"wood\": 9500, \"stone\": 9000, \"wheat\": 8000}','{\"iron_production\": 1860, \"civilization_points\": 35, \"population_consumers\": 7}',18000),(169,5,10,'{\"iron\": 5500, \"wood\": 17000, \"stone\": 15000, \"wheat\": 12000}','{\"iron_production\": 2400, \"civilization_points\": 40, \"population_consumers\": 9}',21000),(170,5,11,'{\"iron\": 7000, \"wood\": 24000, \"stone\": 20000, \"wheat\": 17000}','{\"iron_production\": 3000, \"civilization_points\": 42, \"population_consumers\": 12}',27300),(171,5,12,'{\"iron\": 15000, \"wood\": 55000, \"stone\": 40000, \"wheat\": 35000}','{\"iron_production\": 4080, \"civilization_points\": 50, \"population_consumers\": 15}',49000),(172,5,13,'{\"iron\": 25000, \"wood\": 75000, \"stone\": 70000, \"wheat\": 55000}','{\"iron_production\": 7260, \"civilization_points\": 60, \"population_consumers\": 18}',55000),(173,5,14,'{\"iron\": 40000, \"wood\": 120000, \"stone\": 100000, \"wheat\": 90000}','{\"iron_production\": 9000, \"civilization_points\": 70, \"population_consumers\": 21}',72000),(174,5,15,'{\"iron\": 70000, \"wood\": 240000, \"stone\": 200000, \"wheat\": 140000}','{\"iron_production\": 10200, \"civilization_points\": 80, \"population_consumers\": 24}',90000),(175,5,16,'{\"iron\": 150000, \"wood\": 400000, \"stone\": 370000, \"wheat\": 300000}','{\"iron_production\": 11460, \"civilization_points\": 90, \"population_consumers\": 27}',108000),(176,5,17,'{\"iron\": 200000, \"wood\": 550000, \"stone\": 490000, \"wheat\": 400000}','{\"iron_production\": 12720, \"civilization_points\": 100, \"population_consumers\": 30}',126000),(177,5,18,'{\"iron\": 300000, \"wood\": 750000, \"stone\": 700000, \"wheat\": 500000}','{\"iron_production\": 13980, \"civilization_points\": 110, \"population_consumers\": 33}',144000),(178,5,19,'{\"iron\": 400000, \"wood\": 1000000, \"stone\": 900000, \"wheat\": 650000}','{\"iron_production\": 15300, \"civilization_points\": 120, \"population_consumers\": 36}',162000),(179,5,20,'{\"iron\": 500000, \"wood\": 1200000, \"stone\": 1000000, \"wheat\": 900000}','{\"iron_production\": 17580, \"civilization_points\": 130, \"population_consumers\": 39}',180000),(180,5,21,'{\"iron\": 650000, \"wood\": 1400000, \"stone\": 1200000, \"wheat\": 1100000}','{\"iron_production\": 17580, \"civilization_points\": 130, \"population_consumers\": 42}',720000),(181,5,22,'{\"iron\": 850000, \"wood\": 1600000, \"stone\": 1300000, \"wheat\": 1400000}','{\"iron_production\": 20640, \"civilization_points\": 140, \"population_consumers\": 45}',864000),(182,5,23,'{\"iron\": 1000000, \"wood\": 1800000, \"stone\": 1400000, \"wheat\": 1600000}','{\"iron_production\": 24700, \"civilization_points\": 150, \"population_consumers\": 47}',864000),(183,5,24,'{\"iron\": 1200000, \"wood\": 2100000, \"stone\": 1600000, \"wheat\": 1900000}','{\"iron_production\": 25780, \"civilization_points\": 160, \"population_consumers\": 50}',1000000),(184,5,25,'{\"iron\": 1500000, \"wood\": 2500000, \"stone\": 1900000, \"wheat\": 2200000}','{\"iron_production\": 27900, \"civilization_points\": 170, \"population_consumers\": 52}',1200000),(185,5,26,'{\"iron\": 1800000, \"wood\": 2700000, \"stone\": 2100000, \"wheat\": 2500000}','{\"iron_production\": 30100, \"civilization_points\": 180, \"population_consumers\": 52}',1440000),(186,5,27,'{\"iron\": 2200000, \"wood\": 3000000, \"stone\": 2400000, \"wheat\": 2900000}','{\"iron_production\": 32400, \"civilization_points\": 190, \"population_consumers\": 54}',1600000),(187,5,28,'{\"iron\": 2500000, \"wood\": 3500000, \"stone\": 2600000, \"wheat\": 3200000}','{\"iron_production\": 34800, \"civilization_points\": 200, \"population_consumers\": 56}',1800000),(188,5,29,'{\"iron\": 2700000, \"wood\": 3700000, \"stone\": 2800000, \"wheat\": 3500000}','{\"iron_production\": 37300, \"civilization_points\": 210, \"population_consumers\": 58}',2000000),(189,5,30,'{\"iron\": 3000000, \"wood\": 4000000, \"stone\": 3000000, \"wheat\": 4000000}','{\"iron_production\": 40000, \"civilization_points\": 220, \"population_consumers\": 61}',2400000),(190,6,1,'{\"iron\": 150000, \"wood\": 150000, \"stone\": 150000, \"wheat\": 150000}','{\"defense_power\": 10000, \"elixir_production\": 60, \"civilization_points\": 5, \"population_consumers\": 4}',28800),(191,6,2,'{\"iron\": 200000, \"wood\": 200000, \"stone\": 200000, \"wheat\": 200000}','{\"defense_power\": 20000, \"elixir_production\": 120, \"civilization_points\": 10, \"population_consumers\": 6}',36000),(192,6,3,'{\"iron\": 300000, \"wood\": 300000, \"stone\": 300000, \"wheat\": 300000}','{\"defense_power\": 35000, \"elixir_production\": 240, \"civilization_points\": 15, \"population_consumers\": 9}',43200),(193,6,4,'{\"iron\": 400000, \"wood\": 400000, \"stone\": 400000, \"wheat\": 400000}','{\"defense_power\": 50000, \"elixir_production\": 300, \"civilization_points\": 20, \"population_consumers\": 12}',61200),(194,6,5,'{\"iron\": 500000, \"wood\": 500000, \"stone\": 500000, \"wheat\": 500000}','{\"defense_power\": 70000, \"elixir_production\": 420, \"civilization_points\": 22, \"population_consumers\": 16}',79200),(195,6,6,'{\"iron\": 550000, \"wood\": 550000, \"stone\": 550000, \"wheat\": 550000}','{\"defense_power\": 90000, \"elixir_production\": 540, \"civilization_points\": 25, \"population_consumers\": 19}',105000),(196,6,7,'{\"iron\": 700000, \"wood\": 700000, \"stone\": 700000, \"wheat\": 700000}','{\"defense_power\": 110000, \"elixir_production\": 660, \"civilization_points\": 28, \"population_consumers\": 21}',144000),(197,6,8,'{\"iron\": 850000, \"wood\": 850000, \"stone\": 850000, \"wheat\": 850000}','{\"defense_power\": 140000, \"elixir_production\": 720, \"civilization_points\": 30, \"population_consumers\": 24}',259200),(198,6,9,'{\"iron\": 1200000, \"wood\": 1200000, \"stone\": 1200000, \"wheat\": 1200000}','{\"defense_power\": 170000, \"elixir_production\": 780, \"civilization_points\": 35, \"population_consumers\": 27}',432000),(199,6,10,'{\"iron\": 1600000, \"wood\": 1600000, \"stone\": 1600000, \"wheat\": 1600000}','{\"defense_power\": 200000, \"elixir_production\": 900, \"civilization_points\": 40, \"population_consumers\": 29}',432000),(200,6,11,'{\"iron\": 2200000, \"wood\": 2200000, \"stone\": 2200000, \"wheat\": 2200000}','{\"defense_power\": 230000, \"elixir_production\": 960, \"civilization_points\": 42, \"population_consumers\": 33}',693600),(201,6,12,'{\"iron\": 2500000, \"wood\": 2500000, \"stone\": 2500000, \"wheat\": 2500000}','{\"defense_power\": 260000, \"elixir_production\": 1020, \"civilization_points\": 44, \"population_consumers\": 37}',864000),(202,6,13,'{\"iron\": 2800000, \"wood\": 2800000, \"stone\": 2800000, \"wheat\": 2800000}','{\"defense_power\": 300000, \"elixir_production\": 1200, \"civilization_points\": 48, \"population_consumers\": 40}',1036800),(203,6,14,'{\"iron\": 4000000, \"wood\": 4000000, \"stone\": 4000000, \"wheat\": 4000000}','{\"defense_power\": 340000, \"elixir_production\": 1260, \"civilization_points\": 50, \"population_consumers\": 44}',1036800),(204,6,15,'{\"iron\": 5000000, \"wood\": 5000000, \"stone\": 5000000, \"wheat\": 5000000}','{\"defense_power\": 400000, \"elixir_production\": 1320, \"civilization_points\": 60, \"population_consumers\": 48}',1296000),(205,7,1,'{\"iron\": 250, \"wood\": 250, \"stone\": 150, \"wheat\": 50}','{\"defense_power\": 5000, \"storage_capacity\": 2500, \"civilization_points\": 5, \"population_consumers\": 3}',28800),(206,7,2,'{\"iron\": 800, \"wood\": 800, \"stone\": 600, \"wheat\": 400}','{\"defense_power\": 12000, \"storage_capacity\": 3500, \"civilization_points\": 10, \"population_consumers\": 6}',36000),(207,7,3,'{\"iron\": 1200, \"wood\": 1200, \"stone\": 1000, \"wheat\": 900}','{\"defense_power\": 19000, \"storage_capacity\": 8000, \"civilization_points\": 15, \"population_consumers\": 8}',43200),(208,7,4,'{\"iron\": 1500, \"wood\": 1500, \"stone\": 1200, \"wheat\": 1000}','{\"defense_power\": 26000, \"storage_capacity\": 15000, \"civilization_points\": 20, \"population_consumers\": 10}',61200),(209,7,5,'{\"iron\": 2000, \"wood\": 2000, \"stone\": 1200, \"wheat\": 1200}','{\"defense_power\": 34000, \"storage_capacity\": 20000, \"civilization_points\": 22, \"population_consumers\": 13}',79200),(210,7,6,'{\"iron\": 3500, \"wood\": 3500, \"stone\": 2000, \"wheat\": 2000}','{\"defense_power\": 42000, \"storage_capacity\": 25000, \"civilization_points\": 25, \"population_consumers\": 14}',90000),(211,7,7,'{\"iron\": 6000, \"wood\": 6000, \"stone\": 4000, \"wheat\": 3000}','{\"defense_power\": 50000, \"storage_capacity\": 35000, \"civilization_points\": 28, \"population_consumers\": 16}',103680),(212,7,8,'{\"iron\": 9000, \"wood\": 9000, \"stone\": 6000, \"wheat\": 5000}','{\"defense_power\": 62000, \"storage_capacity\": 50000, \"civilization_points\": 30, \"population_consumers\": 20}',129600),(213,7,9,'{\"iron\": 1200000, \"wood\": 1200000, \"stone\": 1200000, \"wheat\": 1200000}','{\"defense_power\": 74000, \"storage_capacity\": 70000, \"civilization_points\": 35, \"population_consumers\": 22}',144000),(214,7,10,'{\"iron\": 12000, \"wood\": 12000, \"stone\": 9000, \"wheat\": 8000}','{\"defense_power\": 86000, \"storage_capacity\": 100000, \"civilization_points\": 40, \"population_consumers\": 25}',172800),(215,7,11,'{\"iron\": 15000, \"wood\": 15000, \"stone\": 11000, \"wheat\": 10000}','{\"defense_power\": 98000, \"storage_capacity\": 150000, \"civilization_points\": 42, \"population_consumers\": 28}',207360),(216,7,12,'{\"iron\": 24000, \"wood\": 24000, \"stone\": 20000, \"wheat\": 17000}','{\"defense_power\": 110000, \"storage_capacity\": 175000, \"civilization_points\": 44, \"population_consumers\": 30}',216000),(217,7,13,'{\"iron\": 35000, \"wood\": 35000, \"stone\": 25000, \"wheat\": 23000}','{\"defense_power\": 125000, \"storage_capacity\": 250000, \"civilization_points\": 48, \"population_consumers\": 31}',259200),(218,7,14,'{\"iron\": 65000, \"wood\": 65000, \"stone\": 40000, \"wheat\": 35000}','{\"defense_power\": 140000, \"storage_capacity\": 300000, \"civilization_points\": 50, \"population_consumers\": 35}',691200),(219,7,15,'{\"iron\": 80000, \"wood\": 80000, \"stone\": 55000, \"wheat\": 50000}','{\"defense_power\": 160000, \"storage_capacity\": 400000, \"civilization_points\": 60, \"population_consumers\": 38}',1036800),(220,7,16,'{\"iron\": 120000, \"wood\": 120000, \"stone\": 90000, \"wheat\": 80000}','{\"defense_power\": 180000, \"storage_capacity\": 450000, \"civilization_points\": 65, \"population_consumers\": 39}',1728000),(221,7,17,'{\"iron\": 150000, \"wood\": 150000, \"stone\": 120000, \"wheat\": 100000}','{\"defense_power\": 200000, \"storage_capacity\": 500000, \"civilization_points\": 68, \"population_consumers\": 41}',2073600),(222,7,18,'{\"iron\": 170000, \"wood\": 170000, \"stone\": 140000, \"wheat\": 120000}','{\"defense_power\": 230000, \"storage_capacity\": 600000, \"civilization_points\": 70, \"population_consumers\": 43}',2592000),(223,7,19,'{\"iron\": 180000, \"wood\": 180000, \"stone\": 150000, \"wheat\": 130000}','{\"defense_power\": 260000, \"storage_capacity\": 800000, \"civilization_points\": 72, \"population_consumers\": 46}',3456000),(224,7,20,'{\"iron\": 220000, \"wood\": 220000, \"stone\": 170000, \"wheat\": 160000}','{\"defense_power\": 300000, \"storage_capacity\": 1000000, \"civilization_points\": 75, \"population_consumers\": 50}',4320000),(225,7,21,'{\"iron\": 300000, \"wood\": 300000, \"stone\": 220000, \"wheat\": 200000}','{\"defense_power\": 340000, \"storage_capacity\": 1200000, \"civilization_points\": 80, \"population_consumers\": 51}',5184000),(226,7,22,'{\"iron\": 350000, \"wood\": 350000, \"stone\": 270000, \"wheat\": 250000}','{\"defense_power\": 380000, \"storage_capacity\": 1500000, \"civilization_points\": 90, \"population_consumers\": 54}',6048000),(227,7,23,'{\"iron\": 400000, \"wood\": 400000, \"stone\": 330000, \"wheat\": 300000}','{\"defense_power\": 420000, \"storage_capacity\": 2000000, \"civilization_points\": 95, \"population_consumers\": 56}',6912000),(228,7,24,'{\"iron\": 450000, \"wood\": 450000, \"stone\": 400000, \"wheat\": 350000}','{\"defense_power\": 460000, \"storage_capacity\": 2500000, \"civilization_points\": 100, \"population_consumers\": 59}',7776000),(229,7,25,'{\"iron\": 750000, \"wood\": 750000, \"stone\": 600000, \"wheat\": 500000}','{\"defense_power\": 500000, \"storage_capacity\": 3500000, \"civilization_points\": 110, \"population_consumers\": 62}',8640000),(230,7,26,'{\"iron\": 950000, \"wood\": 950000, \"stone\": 700000, \"wheat\": 600000}','{\"defense_power\": 550000, \"storage_capacity\": 4000000, \"civilization_points\": 140, \"population_consumers\": 65}',10368000),(231,7,27,'{\"iron\": 1100000, \"wood\": 1100000, \"stone\": 850000, \"wheat\": 800000}','{\"defense_power\": 600000, \"storage_capacity\": 5000000, \"civilization_points\": 150, \"population_consumers\": 69}',12096000),(232,7,28,'{\"iron\": 1200000, \"wood\": 1200000, \"stone\": 900000, \"wheat\": 850000}','{\"defense_power\": 700000, \"storage_capacity\": 6000000, \"civilization_points\": 155, \"population_consumers\": 73}',13824000),(233,7,29,'{\"iron\": 1400000, \"wood\": 1400000, \"stone\": 1100000, \"wheat\": 1000000}','{\"defense_power\": 800000, \"storage_capacity\": 8000000, \"civilization_points\": 160, \"population_consumers\": 77}',15552000),(234,7,30,'{\"iron\": 2500000, \"wood\": 2500000, \"stone\": 1800000, \"wheat\": 1500000}','{\"defense_power\": 900000, \"storage_capacity\": 10000000, \"civilization_points\": 190, \"population_consumers\": 81}',17280000),(235,8,1,'{\"iron\": 250, \"wood\": 250, \"stone\": 250, \"wheat\": 250}','{\"defense_power\": 5000, \"civilization_points\": 5, \"population_consumers\": 3, \"defense_power_increase_percent\": 0}',600),(236,8,2,'{\"iron\": 800, \"wood\": 800, \"stone\": 800, \"wheat\": 800}','{\"defense_power\": 12000, \"civilization_points\": 10, \"population_consumers\": 5, \"defense_power_increase_percent\": 2}',900),(237,8,3,'{\"iron\": 1200, \"wood\": 1200, \"stone\": 1200, \"wheat\": 1200}','{\"defense_power\": 19000, \"civilization_points\": 15, \"population_consumers\": 9, \"defense_power_increase_percent\": 4}',1200),(238,8,4,'{\"iron\": 1500, \"wood\": 1500, \"stone\": 1500, \"wheat\": 1500}','{\"defense_power\": 26000, \"civilization_points\": 20, \"population_consumers\": 10, \"defense_power_increase_percent\": 5}',1380),(239,8,5,'{\"iron\": 2000, \"wood\": 2000, \"stone\": 2000, \"wheat\": 2000}','{\"defense_power\": 34000, \"civilization_points\": 22, \"population_consumers\": 12, \"defense_power_increase_percent\": 7}',1800),(240,8,6,'{\"iron\": 5000, \"wood\": 5000, \"stone\": 5000, \"wheat\": 5000}','{\"defense_power\": 42000, \"civilization_points\": 25, \"population_consumers\": 15, \"defense_power_increase_percent\": 8}',7800),(241,8,7,'{\"iron\": 10000, \"wood\": 10000, \"stone\": 10000, \"wheat\": 10000}','{\"defense_power\": 50000, \"civilization_points\": 28, \"population_consumers\": 19, \"defense_power_increase_percent\": 9}',12300),(242,8,8,'{\"iron\": 15000, \"wood\": 15000, \"stone\": 15000, \"wheat\": 15000}','{\"defense_power\": 62000, \"civilization_points\": 30, \"population_consumers\": 22, \"defense_power_increase_percent\": 11}',20400),(243,8,9,'{\"iron\": 25000, \"wood\": 25000, \"stone\": 25000, \"wheat\": 25000}','{\"defense_power\": 74000, \"civilization_points\": 35, \"population_consumers\": 24, \"defense_power_increase_percent\": 13}',57000),(244,8,10,'{\"iron\": 45000, \"wood\": 45000, \"stone\": 45000, \"wheat\": 45000}','{\"defense_power\": 86000, \"civilization_points\": 40, \"population_consumers\": 26, \"defense_power_increase_percent\": 15}',79920),(245,8,11,'{\"iron\": 70000, \"wood\": 70000, \"stone\": 70000, \"wheat\": 70000}','{\"defense_power\": 98000, \"civilization_points\": 42, \"population_consumers\": 29, \"defense_power_increase_percent\": 16}',186240),(246,8,12,'{\"iron\": 100000, \"wood\": 100000, \"stone\": 100000, \"wheat\": 100000}','{\"defense_power\": 110000, \"civilization_points\": 48, \"population_consumers\": 30, \"defense_power_increase_percent\": 17}',259200),(247,8,13,'{\"iron\": 150000, \"wood\": 150000, \"stone\": 150000, \"wheat\": 150000}','{\"defense_power\": 125000, \"civilization_points\": 50, \"population_consumers\": 34, \"defense_power_increase_percent\": 19}',267840),(248,8,14,'{\"iron\": 250000, \"wood\": 250000, \"stone\": 250000, \"wheat\": 250000}','{\"defense_power\": 140000, \"civilization_points\": 60, \"population_consumers\": 37, \"defense_power_increase_percent\": 20}',267840),(249,8,15,'{\"iron\": 350000, \"wood\": 350000, \"stone\": 350000, \"wheat\": 350000}','{\"defense_power\": 160000, \"civilization_points\": 65, \"population_consumers\": 40, \"defense_power_increase_percent\": 22}',345600),(250,8,16,'{\"iron\": 500000, \"wood\": 500000, \"stone\": 500000, \"wheat\": 500000}','{\"defense_power\": 180000, \"civilization_points\": 68, \"population_consumers\": 44, \"defense_power_increase_percent\": 25}',388800),(251,8,17,'{\"iron\": 800000, \"wood\": 800000, \"stone\": 800000, \"wheat\": 800000}','{\"defense_power\": 200000, \"civilization_points\": 70, \"population_consumers\": 47, \"defense_power_increase_percent\": 28}',450000),(252,8,18,'{\"iron\": 1000000, \"wood\": 1000000, \"stone\": 1000000, \"wheat\": 1000000}','{\"defense_power\": 230000, \"civilization_points\": 72, \"population_consumers\": 51, \"defense_power_increase_percent\": 30}',561600),(253,8,19,'{\"iron\": 1500000, \"wood\": 1500000, \"stone\": 1500000, \"wheat\": 1500000}','{\"defense_power\": 300000, \"civilization_points\": 75, \"population_consumers\": 55, \"defense_power_increase_percent\": 35}',604800),(254,8,20,'{\"iron\": 2000000, \"wood\": 2000000, \"stone\": 2000000, \"wheat\": 2000000}','{\"defense_power\": 400000, \"civilization_points\": 80, \"population_consumers\": 60, \"defense_power_increase_percent\": 40}',691200),(255,9,1,'{\"iron\": 250000, \"wood\": 250000, \"stone\": 250000, \"wheat\": 100000}','{\"defense_power\": 5000, \"civilization_points\": 5, \"population_consumers\": 3, \"defense_power_increase_percent\": 5}',216000),(256,9,2,'{\"iron\": 400000, \"wood\": 400000, \"stone\": 400000, \"wheat\": 250000}','{\"defense_power\": 15000, \"civilization_points\": 10, \"population_consumers\": 5, \"defense_power_increase_percent\": 10}',240000),(257,9,3,'{\"iron\": 500000, \"wood\": 500000, \"stone\": 500000, \"wheat\": 350000}','{\"defense_power\": 25000, \"civilization_points\": 15, \"population_consumers\": 8, \"defense_power_increase_percent\": 15}',302400),(258,9,4,'{\"iron\": 600000, \"wood\": 600000, \"stone\": 600000, \"wheat\": 400000}','{\"defense_power\": 40000, \"civilization_points\": 20, \"population_consumers\": 11, \"defense_power_increase_percent\": 20}',366000),(259,9,5,'{\"iron\": 800000, \"wood\": 800000, \"stone\": 800000, \"wheat\": 600000}','{\"defense_power\": 60000, \"civilization_points\": 22, \"population_consumers\": 15, \"defense_power_increase_percent\": 25}',366000),(260,9,6,'{\"iron\": 1100000, \"wood\": 1100000, \"stone\": 1100000, \"wheat\": 800000}','{\"defense_power\": 80000, \"civilization_points\": 25, \"population_consumers\": 18, \"defense_power_increase_percent\": 30}',432000),(261,9,7,'{\"iron\": 1400000, \"wood\": 1400000, \"stone\": 1400000, \"wheat\": 1000000}','{\"defense_power\": 120000, \"civilization_points\": 28, \"population_consumers\": 22, \"defense_power_increase_percent\": 40}',604800),(262,9,8,'{\"iron\": 1700000, \"wood\": 1700000, \"stone\": 1700000, \"wheat\": 1100000}','{\"defense_power\": 160000, \"civilization_points\": 30, \"population_consumers\": 25, \"defense_power_increase_percent\": 50}',1036800),(263,9,9,'{\"iron\": 2000000, \"wood\": 2000000, \"stone\": 2000000, \"wheat\": 1200000}','{\"defense_power\": 200000, \"civilization_points\": 35, \"population_consumers\": 29, \"defense_power_increase_percent\": 60}',950400),(264,9,10,'{\"iron\": 3500000, \"wood\": 3500000, \"stone\": 3500000, \"wheat\": 1500000}','{\"defense_power\": 300000, \"civilization_points\": 40, \"population_consumers\": 33, \"defense_power_increase_percent\": 70}',950400),(265,10,1,'{\"iron\": 2500, \"wood\": 2000, \"stone\": 1500, \"wheat\": 1000}','{\"defense_power\": 8000, \"civilization_points\": 5, \"population_consumers\": 3, \"training_time_reduction_percent\": 0}',600),(266,10,2,'{\"iron\": 3000, \"wood\": 2500, \"stone\": 2000, \"wheat\": 1500}','{\"defense_power\": 20000, \"civilization_points\": 10, \"population_consumers\": 7, \"training_time_reduction_percent\": 1}',900),(267,10,3,'{\"iron\": 4000, \"wood\": 3500, \"stone\": 3000, \"wheat\": 2500}','{\"defense_power\": 32000, \"civilization_points\": 15, \"population_consumers\": 10, \"training_time_reduction_percent\": 2}',1200),(268,10,4,'{\"iron\": 6000, \"wood\": 5000, \"stone\": 4000, \"wheat\": 3500}','{\"defense_power\": 45000, \"civilization_points\": 20, \"population_consumers\": 13, \"training_time_reduction_percent\": 4}',2400),(269,10,5,'{\"iron\": 7000, \"wood\": 6000, \"stone\": 4500, \"wheat\": 4000}','{\"defense_power\": 58000, \"civilization_points\": 22, \"population_consumers\": 15, \"training_time_reduction_percent\": 5}',3480),(270,10,6,'{\"iron\": 22000, \"wood\": 25000, \"stone\": 15000, \"wheat\": 10000}','{\"defense_power\": 70000, \"civilization_points\": 25, \"population_consumers\": 19, \"training_time_reduction_percent\": 6}',11400),(271,10,7,'{\"iron\": 35000, \"wood\": 40000, \"stone\": 25000, \"wheat\": 20000}','{\"defense_power\": 90000, \"civilization_points\": 28, \"population_consumers\": 21, \"training_time_reduction_percent\": 8}',19500),(272,10,8,'{\"iron\": 60000, \"wood\": 70000, \"stone\": 50000, \"wheat\": 40000}','{\"defense_power\": 110000, \"civilization_points\": 30, \"population_consumers\": 24, \"training_time_reduction_percent\": 9}',38400),(273,10,9,'{\"iron\": 90000, \"wood\": 100000, \"stone\": 80000, \"wheat\": 65000}','{\"defense_power\": 130000, \"civilization_points\": 35, \"population_consumers\": 26, \"training_time_reduction_percent\": 10}',71400),(274,10,10,'{\"iron\": 155000, \"wood\": 170000, \"stone\": 130000, \"wheat\": 100000}','{\"defense_power\": 150000, \"civilization_points\": 40, \"population_consumers\": 30, \"training_time_reduction_percent\": 12}',93600),(275,10,11,'{\"iron\": 230000, \"wood\": 250000, \"stone\": 190000, \"wheat\": 150000}','{\"defense_power\": 170000, \"civilization_points\": 42, \"population_consumers\": 33, \"training_time_reduction_percent\": 14}',122400),(276,10,12,'{\"iron\": 320000, \"wood\": 350000, \"stone\": 250000, \"wheat\": 200000}','{\"defense_power\": 190000, \"civilization_points\": 44, \"population_consumers\": 35, \"training_time_reduction_percent\": 16}',165600),(277,10,13,'{\"iron\": 600000, \"wood\": 700000, \"stone\": 450000, \"wheat\": 350000}','{\"defense_power\": 210000, \"civilization_points\": 48, \"population_consumers\": 38, \"training_time_reduction_percent\": 17}',187200),(278,10,14,'{\"iron\": 850000, \"wood\": 1000000, \"stone\": 650000, \"wheat\": 500000}','{\"defense_power\": 230000, \"civilization_points\": 50, \"population_consumers\": 42, \"training_time_reduction_percent\": 19}',189000),(279,10,15,'{\"iron\": 1000000, \"wood\": 1300000, \"stone\": 900000, \"wheat\": 700000}','{\"defense_power\": 250000, \"civilization_points\": 60, \"population_consumers\": 45, \"training_time_reduction_percent\": 20}',207000),(280,10,16,'{\"iron\": 1500000, \"wood\": 1700000, \"stone\": 1200000, \"wheat\": 1000000}','{\"defense_power\": 300000, \"civilization_points\": 80, \"population_consumers\": 48, \"training_time_reduction_percent\": 22}',345000),(281,10,17,'{\"iron\": 2000000, \"wood\": 2300000, \"stone\": 1700000, \"wheat\": 1400000}','{\"defense_power\": 400000, \"civilization_points\": 90, \"population_consumers\": 52, \"training_time_reduction_percent\": 24}',432000),(282,10,18,'{\"iron\": 2400000, \"wood\": 2800000, \"stone\": 2200000, \"wheat\": 1900000}','{\"defense_power\": 500000, \"civilization_points\": 100, \"population_consumers\": 56, \"training_time_reduction_percent\": 26}',547200),(283,10,19,'{\"iron\": 3000000, \"wood\": 3300000, \"stone\": 2700000, \"wheat\": 2400000}','{\"defense_power\": 600000, \"civilization_points\": 110, \"population_consumers\": 60, \"training_time_reduction_percent\": 30}',576000),(284,10,20,'{\"iron\": 4500000, \"wood\": 5000000, \"stone\": 3500000, \"wheat\": 3500000}','{\"defense_power\": 700000, \"civilization_points\": 120, \"population_consumers\": 64, \"training_time_reduction_percent\": 35}',873000),(285,11,1,'{\"iron\": 1200, \"wood\": 2000, \"stone\": 1500, \"wheat\": 800}','{\"defense_power\": 5000, \"troop_speed_boost\": 0, \"civilization_points\": 5, \"population_consumers\": 3, \"training_time_reduction\": 0}',60),(286,11,2,'{\"iron\": 2400, \"wood\": 4000, \"stone\": 3000, \"wheat\": 1600}','{\"defense_power\": 12000, \"troop_speed_boost\": 1, \"civilization_points\": 15, \"population_consumers\": 6, \"training_time_reduction\": 2}',120),(287,11,3,'{\"iron\": 3600, \"wood\": 6000, \"stone\": 4500, \"wheat\": 2400}','{\"defense_power\": 19000, \"troop_speed_boost\": 2, \"civilization_points\": 25, \"population_consumers\": 10, \"training_time_reduction\": 4}',180),(288,11,4,'{\"iron\": 4800, \"wood\": 8000, \"stone\": 6000, \"wheat\": 3200}','{\"defense_power\": 26000, \"troop_speed_boost\": 3, \"civilization_points\": 40, \"population_consumers\": 14, \"training_time_reduction\": 5}',300),(289,11,5,'{\"iron\": 6000, \"wood\": 10000, \"stone\": 7500, \"wheat\": 4000}','{\"defense_power\": 34000, \"troop_speed_boost\": 5, \"civilization_points\": 60, \"population_consumers\": 17, \"training_time_reduction\": 6}',600),(290,11,6,'{\"iron\": 7200, \"wood\": 12000, \"stone\": 9000, \"wheat\": 4800}','{\"defense_power\": 42000, \"troop_speed_boost\": 7, \"civilization_points\": 70, \"population_consumers\": 20, \"training_time_reduction\": 7}',900),(291,11,7,'{\"iron\": 8400, \"wood\": 14000, \"stone\": 11000, \"wheat\": 5600}','{\"defense_power\": 50000, \"troop_speed_boost\": 8, \"civilization_points\": 80, \"population_consumers\": 24, \"training_time_reduction\": 10}',1200),(292,11,8,'{\"iron\": 9600, \"wood\": 16000, \"stone\": 13000, \"wheat\": 6400}','{\"defense_power\": 62000, \"troop_speed_boost\": 9, \"civilization_points\": 100, \"population_consumers\": 26, \"training_time_reduction\": 12}',1800),(293,11,9,'{\"iron\": 12000, \"wood\": 20000, \"stone\": 16000, \"wheat\": 8000}','{\"defense_power\": 74000, \"troop_speed_boost\": 10, \"civilization_points\": 115, \"population_consumers\": 30, \"training_time_reduction\": 15}',2400),(294,11,10,'{\"iron\": 14000, \"wood\": 24000, \"stone\": 18000, \"wheat\": 9600}','{\"defense_power\": 86000, \"troop_speed_boost\": 12, \"civilization_points\": 130, \"population_consumers\": 33, \"training_time_reduction\": 18}',3000),(295,11,11,'{\"iron\": 18000, \"wood\": 30000, \"stone\": 22000, \"wheat\": 12000}','{\"defense_power\": 98000, \"troop_speed_boost\": 14, \"civilization_points\": 150, \"population_consumers\": 36, \"training_time_reduction\": 20}',3600),(296,11,12,'{\"iron\": 22000, \"wood\": 35000, \"stone\": 26000, \"wheat\": 14000}','{\"defense_power\": 110000, \"troop_speed_boost\": 16, \"civilization_points\": 170, \"population_consumers\": 40, \"training_time_reduction\": 25}',4200),(297,11,13,'{\"iron\": 26000, \"wood\": 40000, \"stone\": 30000, \"wheat\": 16000}','{\"defense_power\": 125000, \"troop_speed_boost\": 18, \"civilization_points\": 180, \"population_consumers\": 44, \"training_time_reduction\": 27}',4800),(298,11,14,'{\"iron\": 30000, \"wood\": 45000, \"stone\": 34000, \"wheat\": 18000}','{\"defense_power\": 140000, \"troop_speed_boost\": 19, \"civilization_points\": 185, \"population_consumers\": 47, \"training_time_reduction\": 30}',5400),(299,11,15,'{\"iron\": 34000, \"wood\": 50000, \"stone\": 38000, \"wheat\": 20000}','{\"defense_power\": 160000, \"troop_speed_boost\": 20, \"civilization_points\": 190, \"population_consumers\": 50, \"training_time_reduction\": 33}',6000),(300,11,16,'{\"iron\": 750000, \"wood\": 600000, \"stone\": 850000, \"wheat\": 1000000}','{\"defense_power\": 180000, \"troop_speed_boost\": 21, \"civilization_points\": 195, \"population_consumers\": 54, \"training_time_reduction\": 35}',432000),(301,11,17,'{\"iron\": 900000, \"wood\": 800000, \"stone\": 1000000, \"wheat\": 1200000}','{\"defense_power\": 200000, \"troop_speed_boost\": 22, \"civilization_points\": 200, \"population_consumers\": 56, \"training_time_reduction\": 39}',1980000),(302,11,18,'{\"iron\": 1000000, \"wood\": 900000, \"stone\": 1100000, \"wheat\": 1300000}','{\"defense_power\": 230000, \"troop_speed_boost\": 24, \"civilization_points\": 205, \"population_consumers\": 60, \"training_time_reduction\": 40}',561600),(303,11,19,'{\"iron\": 1100000, \"wood\": 1000000, \"stone\": 1200000, \"wheat\": 1400000}','{\"defense_power\": 260000, \"troop_speed_boost\": 25, \"civilization_points\": 215, \"population_consumers\": 63, \"training_time_reduction\": 42}',604800),(304,11,20,'{\"iron\": 1300000, \"wood\": 1200000, \"stone\": 1500000, \"wheat\": 1700000}','{\"defense_power\": 300000, \"troop_speed_boost\": 26, \"civilization_points\": 220, \"population_consumers\": 67, \"training_time_reduction\": 44}',612000),(305,11,21,'{\"iron\": 1400000, \"wood\": 1300000, \"stone\": 1600000, \"wheat\": 1800000}','{\"defense_power\": 340000, \"troop_speed_boost\": 27, \"civilization_points\": 225, \"population_consumers\": 71, \"training_time_reduction\": 45}',734000),(306,11,22,'{\"iron\": 1600000, \"wood\": 1500000, \"stone\": 1800000, \"wheat\": 2000000}','{\"defense_power\": 380000, \"troop_speed_boost\": 29, \"civilization_points\": 230, \"population_consumers\": 75, \"training_time_reduction\": 47}',734000),(307,11,23,'{\"iron\": 1800000, \"wood\": 1700000, \"stone\": 2000000, \"wheat\": 2200000}','{\"defense_power\": 420000, \"troop_speed_boost\": 30, \"civilization_points\": 240, \"population_consumers\": 77, \"training_time_reduction\": 48}',864000),(308,11,24,'{\"iron\": 2200000, \"wood\": 2000000, \"stone\": 2400000, \"wheat\": 2500000}','{\"defense_power\": 460000, \"troop_speed_boost\": 31, \"civilization_points\": 245, \"population_consumers\": 80, \"training_time_reduction\": 50}',864000),(309,11,25,'{\"iron\": 2400000, \"wood\": 2200000, \"stone\": 2500000, \"wheat\": 2700000}','{\"defense_power\": 500000, \"troop_speed_boost\": 32, \"civilization_points\": 250, \"population_consumers\": 83, \"training_time_reduction\": 55}',864000),(310,11,26,'{\"iron\": 2800000, \"wood\": 2500000, \"stone\": 3000000, \"wheat\": 3500000}','{\"defense_power\": 550000, \"troop_speed_boost\": 35, \"civilization_points\": 255, \"population_consumers\": 86, \"training_time_reduction\": 58}',864000),(311,11,27,'{\"iron\": 3000000, \"wood\": 2700000, \"stone\": 3300000, \"wheat\": 4000000}','{\"defense_power\": 600000, \"troop_speed_boost\": 37, \"civilization_points\": 260, \"population_consumers\": 90, \"training_time_reduction\": 62}',864000),(312,11,28,'{\"iron\": 3200000, \"wood\": 3000000, \"stone\": 3500000, \"wheat\": 4500000}','{\"defense_power\": 700000, \"troop_speed_boost\": 39, \"civilization_points\": 270, \"population_consumers\": 94, \"training_time_reduction\": 65}',864000),(313,11,29,'{\"iron\": 3500000, \"wood\": 3500000, \"stone\": 4000000, \"wheat\": 5000000}','{\"defense_power\": 800000, \"troop_speed_boost\": 42, \"civilization_points\": 275, \"population_consumers\": 98, \"training_time_reduction\": 70}',864000),(314,11,30,'{\"iron\": 4000000, \"wood\": 4000000, \"stone\": 4500000, \"wheat\": 6000000}','{\"defense_power\": 900000, \"troop_speed_boost\": 45, \"civilization_points\": 300, \"population_consumers\": 98, \"training_time_reduction\": 80}',864000),(333,12,1,'{\"iron\": 2500, \"wood\": 1500, \"stone\": 2000, \"wheat\": 1000}','{\"defense_power\": 5000, \"troop_speed_boost\": 0, \"civilization_points\": 5, \"population_consumers\": 3, \"training_time_reduction\": 0}',600),(334,12,2,'{\"iron\": 3000, \"wood\": 2000, \"stone\": 2500, \"wheat\": 1500}','{\"defense_power\": 12000, \"troop_speed_boost\": 1, \"civilization_points\": 15, \"population_consumers\": 6, \"training_time_reduction\": 2}',900),(335,12,3,'{\"iron\": 4000, \"wood\": 3000, \"stone\": 3500, \"wheat\": 2500}','{\"defense_power\": 19000, \"troop_speed_boost\": 2, \"civilization_points\": 25, \"population_consumers\": 10, \"training_time_reduction\": 4}',1200),(336,12,4,'{\"iron\": 6000, \"wood\": 4000, \"stone\": 4500, \"wheat\": 3500}','{\"defense_power\": 26000, \"troop_speed_boost\": 3, \"civilization_points\": 40, \"population_consumers\": 14, \"training_time_reduction\": 5}',2400),(337,12,5,'{\"iron\": 12000, \"wood\": 7000, \"stone\": 9000, \"wheat\": 6000}','{\"defense_power\": 34000, \"troop_speed_boost\": 5, \"civilization_points\": 60, \"population_consumers\": 17, \"training_time_reduction\": 6}',8400),(338,12,6,'{\"iron\": 20000, \"wood\": 10000, \"stone\": 14000, \"wheat\": 9000}','{\"defense_power\": 42000, \"troop_speed_boost\": 7, \"civilization_points\": 70, \"population_consumers\": 20, \"training_time_reduction\": 7}',15600),(339,12,7,'{\"iron\": 30000, \"wood\": 20000, \"stone\": 22000, \"wheat\": 14000}','{\"defense_power\": 50000, \"troop_speed_boost\": 8, \"civilization_points\": 80, \"population_consumers\": 24, \"training_time_reduction\": 10}',29400),(340,12,8,'{\"iron\": 50000, \"wood\": 35000, \"stone\": 40000, \"wheat\": 25000}','{\"defense_power\": 62000, \"troop_speed_boost\": 9, \"civilization_points\": 100, \"population_consumers\": 26, \"training_time_reduction\": 12}',61500),(341,12,9,'{\"iron\": 80000, \"wood\": 55000, \"stone\": 65000, \"wheat\": 40000}','{\"defense_power\": 74000, \"troop_speed_boost\": 10, \"civilization_points\": 115, \"population_consumers\": 30, \"training_time_reduction\": 15}',70800),(342,12,10,'{\"iron\": 120000, \"wood\": 90000, \"stone\": 100000, \"wheat\": 65000}','{\"defense_power\": 86000, \"troop_speed_boost\": 12, \"civilization_points\": 130, \"population_consumers\": 33, \"training_time_reduction\": 18}',85800),(343,12,11,'{\"iron\": 200000, \"wood\": 130000, \"stone\": 150000, \"wheat\": 100000}','{\"defense_power\": 98000, \"troop_speed_boost\": 14, \"civilization_points\": 150, \"population_consumers\": 36, \"training_time_reduction\": 20}',129600),(344,12,12,'{\"iron\": 250000, \"wood\": 190000, \"stone\": 220000, \"wheat\": 150000}','{\"defense_power\": 110000, \"troop_speed_boost\": 16, \"civilization_points\": 170, \"population_consumers\": 40, \"training_time_reduction\": 25}',129600),(345,12,13,'{\"iron\": 380000, \"wood\": 250000, \"stone\": 300000, \"wheat\": 190000}','{\"defense_power\": 125000, \"troop_speed_boost\": 18, \"civilization_points\": 180, \"population_consumers\": 44, \"training_time_reduction\": 27}',129600),(346,12,14,'{\"iron\": 500000, \"wood\": 350000, \"stone\": 400000, \"wheat\": 250000}','{\"defense_power\": 140000, \"troop_speed_boost\": 19, \"civilization_points\": 185, \"population_consumers\": 47, \"training_time_reduction\": 30}',129600),(347,12,15,'{\"iron\": 850000, \"wood\": 600000, \"stone\": 700000, \"wheat\": 450000}','{\"defense_power\": 160000, \"troop_speed_boost\": 20, \"civilization_points\": 190, \"population_consumers\": 50, \"training_time_reduction\": 33}',172800),(348,12,16,'{\"iron\": 1000000, \"wood\": 750000, \"stone\": 850000, \"wheat\": 600000}','{\"defense_power\": 180000, \"troop_speed_boost\": 21, \"civilization_points\": 195, \"population_consumers\": 54, \"training_time_reduction\": 35}',172800),(349,12,17,'{\"iron\": 1200000, \"wood\": 900000, \"stone\": 1000000, \"wheat\": 800000}','{\"defense_power\": 200000, \"troop_speed_boost\": 22, \"civilization_points\": 200, \"population_consumers\": 56, \"training_time_reduction\": 39}',216000),(350,12,18,'{\"iron\": 1300000, \"wood\": 1000000, \"stone\": 1100000, \"wheat\": 900000}','{\"defense_power\": 230000, \"troop_speed_boost\": 24, \"civilization_points\": 205, \"population_consumers\": 60, \"training_time_reduction\": 40}',259200),(351,12,19,'{\"iron\": 1400000, \"wood\": 1100000, \"stone\": 1200000, \"wheat\": 1000000}','{\"defense_power\": 260000, \"troop_speed_boost\": 25, \"civilization_points\": 215, \"population_consumers\": 63, \"training_time_reduction\": 42}',302400),(352,12,20,'{\"iron\": 1500000, \"wood\": 1200000, \"stone\": 1300000, \"wheat\": 1200000}','{\"defense_power\": 300000, \"troop_speed_boost\": 26, \"civilization_points\": 220, \"population_consumers\": 67, \"training_time_reduction\": 44}',345600),(353,12,21,'{\"iron\": 1800000, \"wood\": 1400000, \"stone\": 1400000, \"wheat\": 1400000}','{\"defense_power\": 340000, \"troop_speed_boost\": 27, \"civilization_points\": 225, \"population_consumers\": 71, \"training_time_reduction\": 45}',388800),(354,12,22,'{\"iron\": 2000000, \"wood\": 1600000, \"stone\": 1600000, \"wheat\": 1600000}','{\"defense_power\": 380000, \"troop_speed_boost\": 29, \"civilization_points\": 230, \"population_consumers\": 75, \"training_time_reduction\": 47}',432000),(355,12,23,'{\"iron\": 2500000, \"wood\": 1800000, \"stone\": 1800000, \"wheat\": 1800000}','{\"defense_power\": 450000, \"troop_speed_boost\": 30, \"civilization_points\": 240, \"population_consumers\": 77, \"training_time_reduction\": 48}',518400),(356,12,24,'{\"iron\": 3000000, \"wood\": 2000000, \"stone\": 2000000, \"wheat\": 2000000}','{\"defense_power\": 520000, \"troop_speed_boost\": 31, \"civilization_points\": 245, \"population_consumers\": 80, \"training_time_reduction\": 50}',576000),(357,12,25,'{\"iron\": 3500000, \"wood\": 2200000, \"stone\": 2200000, \"wheat\": 2200000}','{\"defense_power\": 600000, \"troop_speed_boost\": 32, \"civilization_points\": 250, \"population_consumers\": 83, \"training_time_reduction\": 55}',648000),(358,12,26,'{\"iron\": 4000000, \"wood\": 2400000, \"stone\": 2400000, \"wheat\": 2400000}','{\"defense_power\": 700000, \"troop_speed_boost\": 35, \"civilization_points\": 255, \"population_consumers\": 86, \"training_time_reduction\": 58}',720000),(359,12,27,'{\"iron\": 4500000, \"wood\": 2600000, \"stone\": 2600000, \"wheat\": 2600000}','{\"defense_power\": 800000, \"troop_speed_boost\": 37, \"civilization_points\": 260, \"population_consumers\": 90, \"training_time_reduction\": 62}',864000),(360,12,28,'{\"iron\": 5000000, \"wood\": 2800000, \"stone\": 2800000, \"wheat\": 2800000}','{\"defense_power\": 900000, \"troop_speed_boost\": 39, \"civilization_points\": 270, \"population_consumers\": 94, \"training_time_reduction\": 65}',1008000),(361,12,29,'{\"iron\": 6000000, \"wood\": 3000000, \"stone\": 3000000, \"wheat\": 3000000}','{\"defense_power\": 1000000, \"troop_speed_boost\": 42, \"civilization_points\": 275, \"population_consumers\": 98, \"training_time_reduction\": 70}',1296000),(362,12,30,'{\"iron\": 7000000, \"wood\": 3500000, \"stone\": 3500000, \"wheat\": 3500000}','{\"defense_power\": 1200000, \"troop_speed_boost\": 45, \"civilization_points\": 290, \"population_consumers\": 98, \"training_time_reduction\": 80}',1728000),(363,13,1,'{\"iron\": 2500, \"wood\": 1500, \"stone\": 2000, \"wheat\": 1000}','{\"defense_power\": 5000, \"troop_speed_boost\": 0, \"civilization_points\": 5, \"population_consumers\": 3, \"training_time_reduction\": 0}',600),(364,13,2,'{\"iron\": 3000, \"wood\": 2000, \"stone\": 2500, \"wheat\": 1500}','{\"defense_power\": 12000, \"troop_speed_boost\": 1, \"civilization_points\": 15, \"population_consumers\": 6, \"training_time_reduction\": 2}',900),(365,13,3,'{\"iron\": 4000, \"wood\": 3000, \"stone\": 3500, \"wheat\": 2500}','{\"defense_power\": 19000, \"troop_speed_boost\": 2, \"civilization_points\": 25, \"population_consumers\": 10, \"training_time_reduction\": 4}',1200),(366,13,4,'{\"iron\": 6000, \"wood\": 4000, \"stone\": 4500, \"wheat\": 3500}','{\"defense_power\": 26000, \"troop_speed_boost\": 3, \"civilization_points\": 40, \"population_consumers\": 14, \"training_time_reduction\": 5}',2400),(367,13,5,'{\"iron\": 12000, \"wood\": 7000, \"stone\": 9000, \"wheat\": 6000}','{\"defense_power\": 34000, \"troop_speed_boost\": 5, \"civilization_points\": 60, \"population_consumers\": 17, \"training_time_reduction\": 6}',8400),(368,13,6,'{\"iron\": 20000, \"wood\": 10000, \"stone\": 14000, \"wheat\": 9000}','{\"defense_power\": 42000, \"troop_speed_boost\": 7, \"civilization_points\": 70, \"population_consumers\": 20, \"training_time_reduction\": 7}',15600),(369,13,7,'{\"iron\": 30000, \"wood\": 20000, \"stone\": 22000, \"wheat\": 14000}','{\"defense_power\": 50000, \"troop_speed_boost\": 8, \"civilization_points\": 80, \"population_consumers\": 24, \"training_time_reduction\": 10}',29400),(370,13,8,'{\"iron\": 50000, \"wood\": 35000, \"stone\": 40000, \"wheat\": 25000}','{\"defense_power\": 62000, \"troop_speed_boost\": 9, \"civilization_points\": 100, \"population_consumers\": 26, \"training_time_reduction\": 12}',61500),(371,13,9,'{\"iron\": 80000, \"wood\": 60000, \"stone\": 65000, \"wheat\": 40000}','{\"defense_power\": 74000, \"troop_speed_boost\": 10, \"civilization_points\": 115, \"population_consumers\": 30, \"training_time_reduction\": 15}',108000),(372,13,10,'{\"iron\": 100000, \"wood\": 80000, \"stone\": 90000, \"wheat\": 65000}','{\"defense_power\": 86000, \"troop_speed_boost\": 12, \"civilization_points\": 130, \"population_consumers\": 33, \"training_time_reduction\": 18}',129600),(373,13,11,'{\"iron\": 130000, \"wood\": 110000, \"stone\": 120000, \"wheat\": 90000}','{\"defense_power\": 98000, \"troop_speed_boost\": 14, \"civilization_points\": 150, \"population_consumers\": 36, \"training_time_reduction\": 20}',155520),(374,13,12,'{\"iron\": 160000, \"wood\": 140000, \"stone\": 150000, \"wheat\": 120000}','{\"defense_power\": 110000, \"troop_speed_boost\": 16, \"civilization_points\": 170, \"population_consumers\": 40, \"training_time_reduction\": 25}',172800),(375,13,13,'{\"iron\": 220000, \"wood\": 180000, \"stone\": 200000, \"wheat\": 150000}','{\"defense_power\": 125000, \"troop_speed_boost\": 18, \"civilization_points\": 180, \"population_consumers\": 44, \"training_time_reduction\": 27}',216000),(376,13,14,'{\"iron\": 270000, \"wood\": 230000, \"stone\": 250000, \"wheat\": 200000}','{\"defense_power\": 140000, \"troop_speed_boost\": 19, \"civilization_points\": 185, \"population_consumers\": 47, \"training_time_reduction\": 30}',259200),(377,13,15,'{\"iron\": 350000, \"wood\": 300000, \"stone\": 300000, \"wheat\": 250000}','{\"defense_power\": 160000, \"troop_speed_boost\": 20, \"civilization_points\": 190, \"population_consumers\": 50, \"training_time_reduction\": 33}',302400),(378,13,16,'{\"iron\": 450000, \"wood\": 400000, \"stone\": 350000, \"wheat\": 300000}','{\"defense_power\": 180000, \"troop_speed_boost\": 21, \"civilization_points\": 195, \"population_consumers\": 54, \"training_time_reduction\": 35}',345600),(379,13,17,'{\"iron\": 550000, \"wood\": 500000, \"stone\": 400000, \"wheat\": 350000}','{\"defense_power\": 200000, \"troop_speed_boost\": 22, \"civilization_points\": 200, \"population_consumers\": 56, \"training_time_reduction\": 39}',388800),(380,13,18,'{\"iron\": 650000, \"wood\": 600000, \"stone\": 500000, \"wheat\": 400000}','{\"defense_power\": 230000, \"troop_speed_boost\": 24, \"civilization_points\": 205, \"population_consumers\": 60, \"training_time_reduction\": 40}',432000),(381,13,19,'{\"iron\": 800000, \"wood\": 700000, \"stone\": 600000, \"wheat\": 500000}','{\"defense_power\": 260000, \"troop_speed_boost\": 25, \"civilization_points\": 215, \"population_consumers\": 63, \"training_time_reduction\": 42}',576000),(382,13,20,'{\"iron\": 900000, \"wood\": 800000, \"stone\": 700000, \"wheat\": 600000}','{\"defense_power\": 300000, \"troop_speed_boost\": 26, \"civilization_points\": 220, \"population_consumers\": 67, \"training_time_reduction\": 44}',720000),(383,13,21,'{\"iron\": 1000000, \"wood\": 900000, \"stone\": 800000, \"wheat\": 700000}','{\"defense_power\": 340000, \"troop_speed_boost\": 27, \"civilization_points\": 225, \"population_consumers\": 71, \"training_time_reduction\": 45}',864000),(384,13,22,'{\"iron\": 1100000, \"wood\": 1000000, \"stone\": 900000, \"wheat\": 800000}','{\"defense_power\": 380000, \"troop_speed_boost\": 29, \"civilization_points\": 230, \"population_consumers\": 75, \"training_time_reduction\": 47}',1008000),(385,13,23,'{\"iron\": 1200000, \"wood\": 1100000, \"stone\": 1000000, \"wheat\": 900000}','{\"defense_power\": 450000, \"troop_speed_boost\": 30, \"civilization_points\": 240, \"population_consumers\": 77, \"training_time_reduction\": 48}',1209600),(386,13,24,'{\"iron\": 1400000, \"wood\": 1300000, \"stone\": 1200000, \"wheat\": 1000000}','{\"defense_power\": 520000, \"troop_speed_boost\": 31, \"civilization_points\": 245, \"population_consumers\": 80, \"training_time_reduction\": 50}',1382400),(387,13,25,'{\"iron\": 1600000, \"wood\": 1500000, \"stone\": 1400000, \"wheat\": 1200000}','{\"defense_power\": 600000, \"troop_speed_boost\": 32, \"civilization_points\": 250, \"population_consumers\": 83, \"training_time_reduction\": 55}',1555200),(388,13,26,'{\"iron\": 1800000, \"wood\": 1700000, \"stone\": 1600000, \"wheat\": 1400000}','{\"defense_power\": 700000, \"troop_speed_boost\": 35, \"civilization_points\": 255, \"population_consumers\": 86, \"training_time_reduction\": 58}',1728000),(389,13,27,'{\"iron\": 2000000, \"wood\": 1900000, \"stone\": 1800000, \"wheat\": 1600000}','{\"defense_power\": 800000, \"troop_speed_boost\": 37, \"civilization_points\": 260, \"population_consumers\": 90, \"training_time_reduction\": 62}',2073600),(390,13,28,'{\"iron\": 2200000, \"wood\": 2100000, \"stone\": 2000000, \"wheat\": 1800000}','{\"defense_power\": 900000, \"troop_speed_boost\": 39, \"civilization_points\": 270, \"population_consumers\": 94, \"training_time_reduction\": 65}',2592000),(391,13,29,'{\"iron\": 2400000, \"wood\": 2300000, \"stone\": 2200000, \"wheat\": 2000000}','{\"defense_power\": 1000000, \"troop_speed_boost\": 42, \"civilization_points\": 275, \"population_consumers\": 98, \"training_time_reduction\": 70}',3110400),(392,13,30,'{\"iron\": 3500000, \"wood\": 3000000, \"stone\": 2800000, \"wheat\": 2500000}','{\"defense_power\": 1200000, \"troop_speed_boost\": 45, \"civilization_points\": 290, \"population_consumers\": 98, \"training_time_reduction\": 80}',3888000),(393,14,1,'{\"iron\": 2500, \"wood\": 2000, \"stone\": 1500, \"wheat\": 1000}','{\"attack_limit\": 15, \"defense_power\": 8000, \"civilization_points\": 5, \"population_consumers\": 3}',600),(394,14,2,'{\"iron\": 3000, \"wood\": 2500, \"stone\": 2000, \"wheat\": 1500}','{\"attack_limit\": 20, \"defense_power\": 20000, \"civilization_points\": 10, \"population_consumers\": 5}',900),(395,14,3,'{\"iron\": 4000, \"wood\": 3500, \"stone\": 3000, \"wheat\": 2500}','{\"attack_limit\": 25, \"defense_power\": 32000, \"civilization_points\": 15, \"population_consumers\": 8}',1200),(396,14,4,'{\"iron\": 6000, \"wood\": 5000, \"stone\": 4000, \"wheat\": 3500}','{\"attack_limit\": 30, \"defense_power\": 45000, \"civilization_points\": 20, \"population_consumers\": 11}',6000),(397,14,5,'{\"iron\": 7000, \"wood\": 6000, \"stone\": 4500, \"wheat\": 4000}','{\"attack_limit\": 35, \"defense_power\": 58000, \"civilization_points\": 22, \"population_consumers\": 13}',14400),(398,14,6,'{\"iron\": 22000, \"wood\": 25000, \"stone\": 15000, \"wheat\": 10000}','{\"attack_limit\": 40, \"defense_power\": 70000, \"civilization_points\": 25, \"population_consumers\": 15}',29400),(399,14,7,'{\"iron\": 35000, \"wood\": 40000, \"stone\": 25000, \"wheat\": 20000}','{\"attack_limit\": 45, \"defense_power\": 90000, \"civilization_points\": 28, \"population_consumers\": 17}',61500),(400,14,8,'{\"iron\": 60000, \"wood\": 70000, \"stone\": 50000, \"wheat\": 40000}','{\"attack_limit\": 50, \"defense_power\": 110000, \"civilization_points\": 30, \"population_consumers\": 20}',94200),(401,14,9,'{\"iron\": 90000, \"wood\": 100000, \"stone\": 80000, \"wheat\": 65000}','{\"attack_limit\": 55, \"defense_power\": 130000, \"civilization_points\": 35, \"population_consumers\": 22}',717000),(402,14,10,'{\"iron\": 155000, \"wood\": 170000, \"stone\": 130000, \"wheat\": 100000}','{\"attack_limit\": 60, \"defense_power\": 150000, \"civilization_points\": 40, \"population_consumers\": 24}',86400),(403,14,11,'{\"iron\": 230000, \"wood\": 250000, \"stone\": 190000, \"wheat\": 150000}','{\"attack_limit\": 65, \"defense_power\": 170000, \"civilization_points\": 42, \"population_consumers\": 27}',172800),(404,14,12,'{\"iron\": 320000, \"wood\": 350000, \"stone\": 250000, \"wheat\": 200000}','{\"attack_limit\": 70, \"defense_power\": 190000, \"civilization_points\": 44, \"population_consumers\": 30}',259200),(405,14,13,'{\"iron\": 600000, \"wood\": 700000, \"stone\": 450000, \"wheat\": 350000}','{\"attack_limit\": 75, \"defense_power\": 210000, \"civilization_points\": 48, \"population_consumers\": 33}',345600),(406,14,14,'{\"iron\": 850000, \"wood\": 1000000, \"stone\": 650000, \"wheat\": 500000}','{\"attack_limit\": 80, \"defense_power\": 230000, \"civilization_points\": 50, \"population_consumers\": 35}',432000),(407,14,15,'{\"iron\": 1000000, \"wood\": 1100000, \"stone\": 900000, \"wheat\": 700000}','{\"attack_limit\": 85, \"defense_power\": 250000, \"civilization_points\": 60, \"population_consumers\": 38}',691200),(408,14,16,'{\"iron\": 1100000, \"wood\": 1200000, \"stone\": 1000000, \"wheat\": 1000000}','{\"attack_limit\": 90, \"defense_power\": 300000, \"civilization_points\": 80, \"population_consumers\": 41}',777600),(409,14,17,'{\"iron\": 1200000, \"wood\": 1400000, \"stone\": 1200000, \"wheat\": 1100000}','{\"attack_limit\": 95, \"defense_power\": 400000, \"civilization_points\": 90, \"population_consumers\": 44}',1036800),(410,14,18,'{\"iron\": 1400000, \"wood\": 1500000, \"stone\": 1300000, \"wheat\": 1200000}','{\"attack_limit\": 100, \"defense_power\": 500000, \"civilization_points\": 100, \"population_consumers\": 48}',1123200),(411,14,19,'{\"iron\": 1500000, \"wood\": 1700000, \"stone\": 1400000, \"wheat\": 1300000}','{\"attack_limit\": 105, \"defense_power\": 600000, \"civilization_points\": 110, \"population_consumers\": 52}',1209600),(412,14,20,'{\"iron\": 1700000, \"wood\": 2000000, \"stone\": 1500000, \"wheat\": 1500000}','{\"attack_limit\": 110, \"defense_power\": 700000, \"civilization_points\": 120, \"population_consumers\": 56}',1296000),(413,15,1,'{\"iron\": 2500, \"wood\": 2000, \"stone\": 1500, \"wheat\": 1000}','{\"member_limit\": 5, \"defense_power\": 8000, \"civilization_points\": 5, \"population_consumers\": 3}',600),(414,15,2,'{\"iron\": 3000, \"wood\": 2500, \"stone\": 2000, \"wheat\": 1500}','{\"member_limit\": 10, \"defense_power\": 20000, \"civilization_points\": 10, \"population_consumers\": 5}',900),(415,15,3,'{\"iron\": 4000, \"wood\": 3500, \"stone\": 3000, \"wheat\": 2500}','{\"member_limit\": 15, \"defense_power\": 32000, \"civilization_points\": 15, \"population_consumers\": 8}',1200),(416,15,4,'{\"iron\": 6000, \"wood\": 5000, \"stone\": 4000, \"wheat\": 3500}','{\"member_limit\": 20, \"defense_power\": 45000, \"civilization_points\": 20, \"population_consumers\": 11}',6000),(417,15,5,'{\"iron\": 7000, \"wood\": 6000, \"stone\": 4500, \"wheat\": 4000}','{\"member_limit\": 25, \"defense_power\": 58000, \"civilization_points\": 22, \"population_consumers\": 13}',14400),(418,15,6,'{\"iron\": 22000, \"wood\": 25000, \"stone\": 15000, \"wheat\": 10000}','{\"member_limit\": 30, \"defense_power\": 70000, \"civilization_points\": 25, \"population_consumers\": 15}',29700),(419,15,7,'{\"iron\": 35000, \"wood\": 40000, \"stone\": 25000, \"wheat\": 20000}','{\"member_limit\": 35, \"defense_power\": 90000, \"civilization_points\": 28, \"population_consumers\": 17}',61500),(420,15,8,'{\"iron\": 60000, \"wood\": 70000, \"stone\": 50000, \"wheat\": 40000}','{\"member_limit\": 40, \"defense_power\": 110000, \"civilization_points\": 30, \"population_consumers\": 20}',93600),(421,15,9,'{\"iron\": 90000, \"wood\": 100000, \"stone\": 80000, \"wheat\": 65000}','{\"member_limit\": 45, \"defense_power\": 130000, \"civilization_points\": 35, \"population_consumers\": 22}',117000),(422,15,10,'{\"iron\": 155000, \"wood\": 170000, \"stone\": 130000, \"wheat\": 100000}','{\"member_limit\": 50, \"defense_power\": 150000, \"civilization_points\": 40, \"population_consumers\": 24}',172800),(423,15,11,'{\"iron\": 230000, \"wood\": 250000, \"stone\": 190000, \"wheat\": 150000}','{\"member_limit\": 55, \"defense_power\": 170000, \"civilization_points\": 42, \"population_consumers\": 27}',216000),(424,15,12,'{\"iron\": 320000, \"wood\": 350000, \"stone\": 250000, \"wheat\": 200000}','{\"member_limit\": 60, \"defense_power\": 190000, \"civilization_points\": 44, \"population_consumers\": 29}',283200),(425,15,13,'{\"iron\": 450000, \"wood\": 500000, \"stone\": 350000, \"wheat\": 250000}','{\"member_limit\": 65, \"defense_power\": 210000, \"civilization_points\": 48, \"population_consumers\": 32}',259200),(426,15,14,'{\"iron\": 550000, \"wood\": 650000, \"stone\": 450000, \"wheat\": 300000}','{\"member_limit\": 70, \"defense_power\": 230000, \"civilization_points\": 50, \"population_consumers\": 34}',438000),(427,15,15,'{\"iron\": 600000, \"wood\": 750000, \"stone\": 500000, \"wheat\": 400000}','{\"member_limit\": 75, \"defense_power\": 250000, \"civilization_points\": 60, \"population_consumers\": 37}',864000),(428,15,16,'{\"iron\": 700000, \"wood\": 900000, \"stone\": 550000, \"wheat\": 450000}','{\"member_limit\": 80, \"defense_power\": 300000, \"civilization_points\": 80, \"population_consumers\": 40}',1296000),(429,15,17,'{\"iron\": 900000, \"wood\": 1000000, \"stone\": 650000, \"wheat\": 570000}','{\"member_limit\": 85, \"defense_power\": 400000, \"civilization_points\": 90, \"population_consumers\": 43}',1296000),(430,15,18,'{\"iron\": 1000000, \"wood\": 1200000, \"stone\": 750000, \"wheat\": 650000}','{\"member_limit\": 90, \"defense_power\": 500000, \"civilization_points\": 100, \"population_consumers\": 47}',1728000),(431,15,19,'{\"iron\": 1100000, \"wood\": 1300000, \"stone\": 800000, \"wheat\": 700000}','{\"member_limit\": 95, \"defense_power\": 600000, \"civilization_points\": 110, \"population_consumers\": 51}',2160000),(432,15,20,'{\"iron\": 1200000, \"wood\": 1500000, \"stone\": 1000000, \"wheat\": 800000}','{\"member_limit\": 100, \"defense_power\": 700000, \"civilization_points\": 120, \"population_consumers\": 55}',8640000),(433,20,1,'{\"iron\": 5000, \"wood\": 5000, \"stone\": 5000, \"wheat\": 5000}','{\"defense_power\": 8000, \"civilization_points\": 5, \"population_consumers\": 3, \"updating_time_reduction\": 0}',3600),(434,20,2,'{\"iron\": 15000, \"wood\": 15000, \"stone\": 15000, \"wheat\": 15000}','{\"defense_power\": 20000, \"civilization_points\": 10, \"population_consumers\": 5, \"updating_time_reduction\": 1}',10800),(435,20,3,'{\"iron\": 25000, \"wood\": 25000, \"stone\": 25000, \"wheat\": 25000}','{\"defense_power\": 32000, \"civilization_points\": 15, \"population_consumers\": 8, \"updating_time_reduction\": 2}',21600),(436,20,4,'{\"iron\": 55000, \"wood\": 55000, \"stone\": 55000, \"wheat\": 55000}','{\"defense_power\": 45000, \"civilization_points\": 20, \"population_consumers\": 11, \"updating_time_reduction\": 4}',43200),(437,20,5,'{\"iron\": 80000, \"wood\": 80000, \"stone\": 80000, \"wheat\": 80000}','{\"defense_power\": 58000, \"civilization_points\": 22, \"population_consumers\": 13, \"updating_time_reduction\": 5}',79200),(438,20,6,'{\"iron\": 130000, \"wood\": 130000, \"stone\": 130000, \"wheat\": 130000}','{\"defense_power\": 70000, \"civilization_points\": 25, \"population_consumers\": 15, \"updating_time_reduction\": 6}',108000),(439,20,7,'{\"iron\": 180000, \"wood\": 180000, \"stone\": 180000, \"wheat\": 180000}','{\"defense_power\": 90000, \"civilization_points\": 28, \"population_consumers\": 17, \"updating_time_reduction\": 8}',126000),(440,20,8,'{\"iron\": 250000, \"wood\": 250000, \"stone\": 250000, \"wheat\": 250000}','{\"defense_power\": 110000, \"civilization_points\": 30, \"population_consumers\": 20, \"updating_time_reduction\": 9}',360000),(441,20,9,'{\"iron\": 400000, \"wood\": 400000, \"stone\": 400000, \"wheat\": 400000}','{\"defense_power\": 130000, \"civilization_points\": 35, \"population_consumers\": 22, \"updating_time_reduction\": 10}',684000),(442,20,10,'{\"iron\": 600000, \"wood\": 600000, \"stone\": 600000, \"wheat\": 600000}','{\"defense_power\": 150000, \"civilization_points\": 40, \"population_consumers\": 24, \"updating_time_reduction\": 12}',172800),(443,20,11,'{\"iron\": 600000, \"wood\": 600000, \"stone\": 600000, \"wheat\": 600000}','{\"defense_power\": 170000, \"civilization_points\": 42, \"population_consumers\": 27, \"updating_time_reduction\": 14}',216000),(444,20,12,'{\"iron\": 750000, \"wood\": 750000, \"stone\": 750000, \"wheat\": 750000}','{\"defense_power\": 190000, \"civilization_points\": 44, \"population_consumers\": 29, \"updating_time_reduction\": 16}',259200),(445,20,13,'{\"iron\": 800000, \"wood\": 800000, \"stone\": 800000, \"wheat\": 800000}','{\"defense_power\": 210000, \"civilization_points\": 48, \"population_consumers\": 32, \"updating_time_reduction\": 17}',259200),(446,20,14,'{\"iron\": 850000, \"wood\": 850000, \"stone\": 850000, \"wheat\": 850000}','{\"defense_power\": 230000, \"civilization_points\": 50, \"population_consumers\": 34, \"updating_time_reduction\": 19}',438000),(447,20,15,'{\"iron\": 900000, \"wood\": 900000, \"stone\": 900000, \"wheat\": 900000}','{\"defense_power\": 250000, \"civilization_points\": 60, \"population_consumers\": 37, \"updating_time_reduction\": 20}',432000),(448,20,16,'{\"iron\": 1000000, \"wood\": 1000000, \"stone\": 1000000, \"wheat\": 1000000}','{\"defense_power\": 300000, \"civilization_points\": 80, \"population_consumers\": 40, \"updating_time_reduction\": 22}',432000),(449,20,17,'{\"iron\": 1000000, \"wood\": 1000000, \"stone\": 1000000, \"wheat\": 1000000}','{\"defense_power\": 400000, \"civilization_points\": 90, \"population_consumers\": 43, \"updating_time_reduction\": 24}',432000),(450,20,18,'{\"iron\": 1100000, \"wood\": 1100000, \"stone\": 1100000, \"wheat\": 1100000}','{\"defense_power\": 500000, \"civilization_points\": 100, \"population_consumers\": 47, \"updating_time_reduction\": 26}',432000),(451,20,19,'{\"iron\": 1200000, \"wood\": 1200000, \"stone\": 1200000, \"wheat\": 1200000}','{\"defense_power\": 600000, \"civilization_points\": 110, \"population_consumers\": 51, \"updating_time_reduction\": 30}',432000),(452,20,20,'{\"iron\": 1500000, \"wood\": 1500000, \"stone\": 1500000, \"wheat\": 1500000}','{\"defense_power\": 700000, \"civilization_points\": 120, \"population_consumers\": 55, \"updating_time_reduction\": 35}',432000),(453,21,1,'{\"iron\": 400000, \"wood\": 400000, \"stone\": 400000, \"wheat\": 400000}','{\"defense_power\": 100000, \"civilization_points\": 10, \"ballon_destroy_point\": 3000, \"population_consumers\": 6}',172800),(454,21,2,'{\"iron\": 700000, \"wood\": 700000, \"stone\": 700000, \"wheat\": 700000}','{\"defense_power\": 200000, \"civilization_points\": 25, \"ballon_destroy_point\": 20000, \"population_consumers\": 12}',432000),(455,21,3,'{\"iron\": 1000000, \"wood\": 1000000, \"stone\": 1000000, \"wheat\": 1000000}','{\"defense_power\": 400000, \"civilization_points\": 55, \"ballon_destroy_point\": 30000, \"population_consumers\": 18}',604800),(456,21,4,'{\"iron\": 2000000, \"wood\": 2000000, \"stone\": 2000000, \"wheat\": 2000000}','{\"defense_power\": 600000, \"civilization_points\": 70, \"ballon_destroy_point\": 50000, \"population_consumers\": 24}',864000),(457,21,5,'{\"iron\": 3500000, \"wood\": 3500000, \"stone\": 3500000, \"wheat\": 3500000}','{\"defense_power\": 800000, \"civilization_points\": 150, \"ballon_destroy_point\": 100000, \"population_consumers\": 30}',1296000),(458,22,1,'{\"iron\": 5000, \"wood\": 5000, \"stone\": 5000, \"wheat\": 5000}','{\"defense_power\": 8000, \"civilization_points\": 5, \"population_consumers\": 3}',600),(459,22,2,'{\"iron\": 15000, \"wood\": 15000, \"stone\": 15000, \"wheat\": 15000}','{\"defense_power\": 20000, \"civilization_points\": 10, \"population_consumers\": 5}',900),(460,22,3,'{\"iron\": 25000, \"wood\": 25000, \"stone\": 25000, \"wheat\": 25000}','{\"defense_power\": 32000, \"civilization_points\": 15, \"population_consumers\": 8}',1200),(461,22,4,'{\"iron\": 55000, \"wood\": 55000, \"stone\": 55000, \"wheat\": 55000}','{\"defense_power\": 45000, \"civilization_points\": 20, \"population_consumers\": 11}',6000),(462,22,5,'{\"iron\": 80000, \"wood\": 80000, \"stone\": 80000, \"wheat\": 80000}','{\"defense_power\": 58000, \"civilization_points\": 22, \"population_consumers\": 13}',14400),(463,22,6,'{\"iron\": 130000, \"wood\": 130000, \"stone\": 130000, \"wheat\": 130000}','{\"defense_power\": 70000, \"civilization_points\": 25, \"population_consumers\": 15}',29400),(464,22,7,'{\"iron\": 180000, \"wood\": 180000, \"stone\": 180000, \"wheat\": 180000}','{\"defense_power\": 90000, \"civilization_points\": 28, \"population_consumers\": 17}',61500),(465,22,8,'{\"iron\": 250000, \"wood\": 250000, \"stone\": 250000, \"wheat\": 250000}','{\"defense_power\": 110000, \"civilization_points\": 30, \"population_consumers\": 20}',94200),(466,22,9,'{\"iron\": 350000, \"wood\": 350000, \"stone\": 350000, \"wheat\": 350000}','{\"defense_power\": 130000, \"civilization_points\": 35, \"population_consumers\": 22}',71700),(467,22,10,'{\"iron\": 500000, \"wood\": 500000, \"stone\": 500000, \"wheat\": 500000}','{\"defense_power\": 150000, \"civilization_points\": 40, \"population_consumers\": 24}',79200),(468,22,11,'{\"iron\": 600000, \"wood\": 600000, \"stone\": 600000, \"wheat\": 600000}','{\"defense_power\": 170000, \"civilization_points\": 42, \"population_consumers\": 27}',216000),(469,22,12,'{\"iron\": 750000, \"wood\": 750000, \"stone\": 750000, \"wheat\": 750000}','{\"defense_power\": 190000, \"civilization_points\": 44, \"population_consumers\": 29}',239200),(470,22,13,'{\"iron\": 800000, \"wood\": 800000, \"stone\": 800000, \"wheat\": 800000}','{\"defense_power\": 210000, \"civilization_points\": 48, \"population_consumers\": 32}',291000),(471,22,14,'{\"iron\": 850000, \"wood\": 850000, \"stone\": 850000, \"wheat\": 850000}','{\"defense_power\": 230000, \"civilization_points\": 50, \"population_consumers\": 34}',291000),(472,22,15,'{\"iron\": 900000, \"wood\": 900000, \"stone\": 900000, \"wheat\": 900000}','{\"defense_power\": 250000, \"civilization_points\": 60, \"population_consumers\": 37}',277200),(473,22,16,'{\"iron\": 1000000, \"wood\": 1000000, \"stone\": 1000000, \"wheat\": 1000000}','{\"defense_power\": 300000, \"civilization_points\": 80, \"population_consumers\": 40}',302400),(474,22,17,'{\"iron\": 1000000, \"wood\": 1000000, \"stone\": 1000000, \"wheat\": 1000000}','{\"defense_power\": 400000, \"civilization_points\": 90, \"population_consumers\": 43}',414000),(475,22,18,'{\"iron\": 1100000, \"wood\": 1100000, \"stone\": 1100000, \"wheat\": 1100000}','{\"defense_power\": 500000, \"civilization_points\": 100, \"population_consumers\": 47}',691200),(476,22,19,'{\"iron\": 1200000, \"wood\": 1200000, \"stone\": 1200000, \"wheat\": 1200000}','{\"defense_power\": 600000, \"civilization_points\": 110, \"population_consumers\": 51}',691200),(477,22,20,'{\"iron\": 1500000, \"wood\": 1500000, \"stone\": 1500000, \"wheat\": 1500000}','{\"defense_power\": 700000, \"civilization_points\": 120, \"population_consumers\": 55}',691200),(478,23,1,'{\"iron\": 5000, \"wood\": 5000, \"stone\": 5000, \"wheat\": 5000}','{\"defense_power\": 8000, \"civilization_points\": 5, \"population_consumers\": 3}',600),(479,23,2,'{\"iron\": 15000, \"wood\": 15000, \"stone\": 15000, \"wheat\": 15000}','{\"defense_power\": 20000, \"civilization_points\": 10, \"population_consumers\": 5}',900),(480,23,3,'{\"iron\": 25000, \"wood\": 25000, \"stone\": 25000, \"wheat\": 25000}','{\"defense_power\": 32000, \"civilization_points\": 15, \"population_consumers\": 8}',1200),(481,23,4,'{\"iron\": 55000, \"wood\": 55000, \"stone\": 55000, \"wheat\": 55000}','{\"defense_power\": 45000, \"civilization_points\": 20, \"population_consumers\": 11}',6000),(482,23,5,'{\"iron\": 80000, \"wood\": 80000, \"stone\": 80000, \"wheat\": 80000}','{\"defense_power\": 58000, \"civilization_points\": 22, \"population_consumers\": 13}',14400),(483,23,6,'{\"iron\": 130000, \"wood\": 130000, \"stone\": 130000, \"wheat\": 130000}','{\"defense_power\": 70000, \"civilization_points\": 25, \"population_consumers\": 15}',29400),(484,23,7,'{\"iron\": 180000, \"wood\": 180000, \"stone\": 180000, \"wheat\": 180000}','{\"defense_power\": 90000, \"civilization_points\": 28, \"population_consumers\": 17}',61500),(485,23,8,'{\"iron\": 250000, \"wood\": 250000, \"stone\": 250000, \"wheat\": 250000}','{\"defense_power\": 110000, \"civilization_points\": 30, \"population_consumers\": 20}',94200),(486,23,9,'{\"iron\": 350000, \"wood\": 350000, \"stone\": 350000, \"wheat\": 350000}','{\"defense_power\": 130000, \"civilization_points\": 35, \"population_consumers\": 22}',117000),(487,23,10,'{\"iron\": 500000, \"wood\": 500000, \"stone\": 500000, \"wheat\": 500000}','{\"defense_power\": 150000, \"civilization_points\": 40, \"population_consumers\": 24}',79200),(488,23,11,'{\"iron\": 600000, \"wood\": 600000, \"stone\": 600000, \"wheat\": 600000}','{\"defense_power\": 170000, \"civilization_points\": 42, \"population_consumers\": 27}',216000),(489,23,12,'{\"iron\": 750000, \"wood\": 750000, \"stone\": 750000, \"wheat\": 750000}','{\"defense_power\": 190000, \"civilization_points\": 44, \"population_consumers\": 29}',474000),(490,23,13,'{\"iron\": 800000, \"wood\": 800000, \"stone\": 800000, \"wheat\": 800000}','{\"defense_power\": 210000, \"civilization_points\": 48, \"population_consumers\": 32}',265200),(491,23,14,'{\"iron\": 850000, \"wood\": 850000, \"stone\": 850000, \"wheat\": 850000}','{\"defense_power\": 230000, \"civilization_points\": 50, \"population_consumers\": 34}',291000),(492,23,15,'{\"iron\": 900000, \"wood\": 900000, \"stone\": 900000, \"wheat\": 900000}','{\"defense_power\": 250000, \"civilization_points\": 60, \"population_consumers\": 37}',324000),(493,23,16,'{\"iron\": 1000000, \"wood\": 1000000, \"stone\": 1000000, \"wheat\": 1000000}','{\"defense_power\": 300000, \"civilization_points\": 80, \"population_consumers\": 40}',432000),(494,23,17,'{\"iron\": 1000000, \"wood\": 1000000, \"stone\": 1000000, \"wheat\": 1000000}','{\"defense_power\": 400000, \"civilization_points\": 90, \"population_consumers\": 43}',432000),(495,23,18,'{\"iron\": 1100000, \"wood\": 1100000, \"stone\": 1100000, \"wheat\": 1100000}','{\"defense_power\": 500000, \"civilization_points\": 100, \"population_consumers\": 47}',864000),(496,23,19,'{\"iron\": 1200000, \"wood\": 1200000, \"stone\": 1200000, \"wheat\": 1200000}','{\"defense_power\": 600000, \"civilization_points\": 110, \"population_consumers\": 51}',864000),(497,23,20,'{\"iron\": 1500000, \"wood\": 1500000, \"stone\": 1500000, \"wheat\": 1500000}','{\"defense_power\": 700000, \"civilization_points\": 120, \"population_consumers\": 55}',864000),(498,24,1,'{\"iron\": 5000, \"wood\": 5000, \"stone\": 5000, \"wheat\": 5000}','{\"defense_power\": 8000, \"civilization_points\": 5, \"population_consumers\": 3}',600),(499,24,2,'{\"iron\": 15000, \"wood\": 15000, \"stone\": 15000, \"wheat\": 15000}','{\"defense_power\": 20000, \"civilization_points\": 10, \"population_consumers\": 5}',900),(500,24,3,'{\"iron\": 25000, \"wood\": 25000, \"stone\": 25000, \"wheat\": 25000}','{\"defense_power\": 32000, \"civilization_points\": 15, \"population_consumers\": 8}',1200),(501,24,4,'{\"iron\": 55000, \"wood\": 55000, \"stone\": 55000, \"wheat\": 55000}','{\"defense_power\": 45000, \"civilization_points\": 20, \"population_consumers\": 11}',6000),(502,24,5,'{\"iron\": 80000, \"wood\": 80000, \"stone\": 80000, \"wheat\": 80000}','{\"defense_power\": 58000, \"civilization_points\": 22, \"population_consumers\": 13}',14400),(503,24,6,'{\"iron\": 130000, \"wood\": 130000, \"stone\": 130000, \"wheat\": 130000}','{\"defense_power\": 70000, \"civilization_points\": 25, \"population_consumers\": 15}',29400),(504,24,7,'{\"iron\": 180000, \"wood\": 180000, \"stone\": 180000, \"wheat\": 180000}','{\"defense_power\": 90000, \"civilization_points\": 28, \"population_consumers\": 17}',61500),(505,24,8,'{\"iron\": 250000, \"wood\": 250000, \"stone\": 250000, \"wheat\": 250000}','{\"defense_power\": 110000, \"civilization_points\": 30, \"population_consumers\": 20}',94200),(506,24,9,'{\"iron\": 350000, \"wood\": 350000, \"stone\": 350000, \"wheat\": 350000}','{\"defense_power\": 130000, \"civilization_points\": 35, \"population_consumers\": 22}',117000),(507,24,10,'{\"iron\": 500000, \"wood\": 500000, \"stone\": 500000, \"wheat\": 500000}','{\"defense_power\": 150000, \"civilization_points\": 40, \"population_consumers\": 24}',79200),(508,24,11,'{\"iron\": 600000, \"wood\": 600000, \"stone\": 600000, \"wheat\": 600000}','{\"defense_power\": 170000, \"civilization_points\": 42, \"population_consumers\": 27}',216000),(509,24,12,'{\"iron\": 750000, \"wood\": 750000, \"stone\": 750000, \"wheat\": 750000}','{\"defense_power\": 190000, \"civilization_points\": 44, \"population_consumers\": 29}',474000),(510,24,13,'{\"iron\": 800000, \"wood\": 800000, \"stone\": 800000, \"wheat\": 800000}','{\"defense_power\": 210000, \"civilization_points\": 48, \"population_consumers\": 32}',265200),(511,24,14,'{\"iron\": 850000, \"wood\": 850000, \"stone\": 850000, \"wheat\": 850000}','{\"defense_power\": 230000, \"civilization_points\": 50, \"population_consumers\": 34}',291000),(512,24,15,'{\"iron\": 900000, \"wood\": 900000, \"stone\": 900000, \"wheat\": 900000}','{\"defense_power\": 250000, \"civilization_points\": 60, \"population_consumers\": 37}',324000),(513,24,16,'{\"iron\": 1000000, \"wood\": 1000000, \"stone\": 1000000, \"wheat\": 1000000}','{\"defense_power\": 300000, \"civilization_points\": 80, \"population_consumers\": 40}',432000),(514,24,17,'{\"iron\": 1000000, \"wood\": 1000000, \"stone\": 1000000, \"wheat\": 1000000}','{\"defense_power\": 400000, \"civilization_points\": 90, \"population_consumers\": 43}',432000),(515,24,18,'{\"iron\": 1100000, \"wood\": 1100000, \"stone\": 1100000, \"wheat\": 1100000}','{\"defense_power\": 500000, \"civilization_points\": 100, \"population_consumers\": 47}',864000),(516,24,19,'{\"iron\": 1200000, \"wood\": 1200000, \"stone\": 1200000, \"wheat\": 1200000}','{\"defense_power\": 600000, \"civilization_points\": 110, \"population_consumers\": 51}',864000),(517,24,20,'{\"iron\": 1500000, \"wood\": 1500000, \"stone\": 1500000, \"wheat\": 1500000}','{\"defense_power\": 700000, \"civilization_points\": 120, \"population_consumers\": 55}',864000);
/*!40000 ALTER TABLE `buildinglevels` ENABLE KEYS */;
UNLOCK TABLES;

--
-- Table structure for table `buildings`
--

DROP TABLE IF EXISTS `buildings`;
/*!40101 SET @saved_cs_client     = @@character_set_client */;
/*!50503 SET character_set_client = utf8mb4 */;
CREATE TABLE `buildings` (
  `id` int NOT NULL AUTO_INCREMENT,
  `name` varchar(50) NOT NULL,
  `description` text,
  `max_level` int NOT NULL,
  `base_cost` json DEFAULT NULL,
  `base_stats` json DEFAULT NULL,
  PRIMARY KEY (`id`)
) ENGINE=InnoDB AUTO_INCREMENT=25 DEFAULT CHARSET=utf8mb4 COLLATE=utf8mb4_0900_ai_ci;
/*!40101 SET character_set_client = @saved_cs_client */;

--
-- Dumping data for table `buildings`
--

LOCK TABLES `buildings` WRITE;
/*!40000 ALTER TABLE `buildings` DISABLE KEYS */;
INSERT INTO `buildings` VALUES (1,'Town Hall','Main building to manage your civilization',30,'{\"iron\": 0, \"wood\": 0, \"stone\": 0, \"wheat\": 0}','{\"civilization_points\": 190, \"build_time_reduction\": 50, \"population_consumers\": 66}'),(2,'Farm','Building for producing wheat and managing agricultural resources',30,'{\"iron\": 0, \"wood\": 0, \"stone\": 0, \"wheat\": 0}','{\"wheat_production\": 951000, \"civilization_points\": 140, \"population_consumers\": 68}'),(3,'Quarry','Building for producing stone and managing mining resources',30,'{\"iron\": 0, \"wood\": 0, \"stone\": 0, \"wheat\": 0}','{\"stone_production\": 44000, \"civilization_points\": 160, \"population_consumers\": 74}'),(4,'Lumber Camp','Building for producing wood and managing forestry resources',30,'{\"iron\": 0, \"wood\": 0, \"stone\": 0, \"wheat\": 0}','{\"wood_production\": 45000, \"civilization_points\": 160, \"population_consumers\": 87}'),(5,'Iron Mine','Building for producing iron and managing mining resources',30,'{\"iron\": 0, \"wood\": 0, \"stone\": 0, \"wheat\": 0}','{\"iron_production\": 40000, \"civilization_points\": 220, \"population_consumers\": 61}'),(6,'Elixir Mine','Building for producing elixir and managing elixir resources',15,'{\"iron\": 0, \"wood\": 0, \"stone\": 0, \"wheat\": 0}','{\"defense_power\": 400000, \"elixir_production\": 1320, \"civilization_points\": 60, \"population_consumers\": 48}'),(7,'Store','Building for storing resources and managing inventory',30,'{\"iron\": 0, \"wood\": 0, \"stone\": 0, \"wheat\": 0}','{\"defense_power\": 900000, \"storage_capacity\": 10000000, \"civilization_points\": 190, \"population_consumers\": 81}'),(8,'Wall','Defensive structure to protect the settlement and enhance security.',20,'{\"iron\": 0, \"wood\": 0, \"stone\": 0, \"wheat\": 0}','{\"defense_power\": 400000, \"civilization_points\": 80, \"population_consumers\": 60, \"defense_power_increase_percent\": 40}'),(9,'Bakery','Facility for producing and storing food resources, contributing to the settlements prosperity.',10,'{\"iron\": 0, \"wood\": 0, \"stone\": 0, \"wheat\": 0}','{\"defense_power\": 300000, \"civilization_points\": 40, \"population_consumers\": 33, \"defense_power_increase_percent\": 70}'),(10,'Academy','Building for advancing research and enhancing troop training capabilities.',20,'{\"iron\": 0, \"wood\": 0, \"stone\": 0, \"wheat\": 0}','{\"defense_power\": 700000, \"civilization_points\": 120, \"population_consumers\": 64, \"training_time_reduction_percent\": 35}'),(11,'Barracks','Building for training and upgrading troops.',30,'{\"iron\": 1500, \"wood\": 1000, \"stone\": 2000, \"wheat\": 2500}','{\"defense_power\": 900000, \"troop_speed_boost\": 45, \"civilization_points\": 300, \"population_consumers\": 98, \"training_time_reduction\": 80}'),(12,'Cavalry Training Ground','Facility for training and upgrading cavalry units.',20,'{\"iron\": 2000, \"wood\": 1200, \"stone\": 2500, \"wheat\": 3000}','{\"defense_power\": 1200000, \"troop_speed_boost\": 45, \"civilization_points\": 290, \"population_consumers\": 98, \"training_time_reduction\": 80}'),(13,'Workshop','Building for training and upgrading troops.',30,'{\"iron\": 4000000, \"wood\": 4000000, \"stone\": 5000000, \"wheat\": 5000000}','{\"defense_power\": 1200000, \"troop_speed_boost\": 45, \"civilization_points\": 290, \"population_consumers\": 98, \"training_time_reduction\": 80}'),(14,'Army Camp','A camp that trains and houses military forces. Enhances defense and attack capabilities.',20,'{\"iron\": 2500, \"wood\": 2000, \"stone\": 1500, \"wheat\": 1000}','{\"attack_limit\": 110, \"defense_power\": 700000, \"civilization_points\": 120, \"population_consumers\": 56}'),(15,'Alliance','A cooperative structure that allows players to form alliances for mutual benefit and defense.',20,'{\"iron\": 2500, \"wood\": 2000, \"stone\": 1500, \"wheat\": 1000}','{\"member_limit\": 100, \"defense_power\": 700000, \"civilization_points\": 120, \"population_consumers\": 55}'),(20,'Castle','A stronghold for defense and civilization development. Increases defense power and civilization benefits at each level.',20,'{\"iron\": 100000, \"wood\": 100000, \"stone\": 100000, \"wheat\": 100000}','{\"defense_power\": 700000, \"civilization_points\": 120, \"population_consumers\": 55, \"updating_time_reduction\": 35}'),(21,'Air Defense','A defensive structure designed to protect against aerial attacks. It enhances defense capabilities against air units and increases civilization benefits.',5,'{\"iron\": 400000, \"wood\": 400000, \"stone\": 400000, \"wheat\": 400000}','{\"defense_power\": 800000, \"civilization_points\": 150, \"ballon_destroy_point\": 100000, \"population_consumers\": 30}'),(22,'Treasury','A vital building for resource management that increases defense capabilities and civilization benefits.',20,'{\"iron\": 5000, \"wood\": 5000, \"stone\": 5000, \"wheat\": 5000}','{\"defense_power\": 700000, \"civilization_points\": 120, \"population_consumers\": 55}'),(23,'Mansion','An impressive building that enhances defense and contributes to civilization development.',20,'{\"iron\": 5000, \"wood\": 5000, \"stone\": 5000, \"wheat\": 5000}','{\"defense_power\": 700000, \"civilization_points\": 120, \"population_consumers\": 55}'),(24,'Shop','A building that allows for resource trading and enhances defense against attacks.',20,'{\"iron\": 5000, \"wood\": 5000, \"stone\": 5000, \"wheat\": 5000}','{\"defense_power\": 700000, \"civilization_points\": 120, \"population_consumers\": 55}');
/*!40000 ALTER TABLE `buildings` ENABLE KEYS */;
UNLOCK TABLES;

--
-- Table structure for table `buildingupgrades`
--

DROP TABLE IF EXISTS `buildingupgrades`;
/*!40101 SET @saved_cs_client     = @@character_set_client */;
/*!50503 SET character_set_client = utf8mb4 */;
CREATE TABLE `buildingupgrades` (
  `id` int NOT NULL AUTO_INCREMENT,
  `playerToken` varchar(255) DEFAULT NULL,
  `buildingID` int DEFAULT NULL,
  `startTime` datetime DEFAULT NULL,
  `endTime` datetime DEFAULT NULL,
  `completed` tinyint(1) DEFAULT '0',
  PRIMARY KEY (`id`)
) ENGINE=InnoDB AUTO_INCREMENT=49 DEFAULT CHARSET=utf8mb4 COLLATE=utf8mb4_0900_ai_ci;
/*!40101 SET character_set_client = @saved_cs_client */;

--
-- Dumping data for table `buildingupgrades`
--

LOCK TABLES `buildingupgrades` WRITE;
/*!40000 ALTER TABLE `buildingupgrades` DISABLE KEYS */;
INSERT INTO `buildingupgrades` VALUES (1,'34780',2,'2024-11-26 10:33:00','2024-11-26 10:44:00',1),(2,'34780',2,'2024-11-26 10:51:48','2024-11-26 11:06:48',1),(3,'34780',3,'2024-11-26 10:53:20','2024-11-26 11:03:20',1),(4,'34780',3,'2024-11-26 11:40:24','2024-11-26 12:00:24',1),(5,'34780',3,'2024-11-26 12:01:37','2024-11-26 12:24:37',1),(6,'34780',3,'2024-11-26 13:01:13','2024-11-26 13:21:13',1),(7,'34780',3,'2024-11-26 13:34:04','2024-11-26 13:39:04',1),(8,'34780',4,'2024-11-26 13:42:45','2024-11-26 13:52:45',1),(9,'34780',5,'2024-11-26 13:49:08','2024-11-26 13:55:08',1),(10,'34780',4,'2024-11-26 13:53:29','2024-11-26 13:59:29',1),(11,'34780',5,'2024-11-26 14:10:55','2024-11-26 14:15:55',1),(12,'34780',5,'2024-11-26 14:21:33','2024-11-26 14:44:33',1),(13,'34780',4,'2024-11-26 14:40:28','2024-11-26 15:00:28',1),(37,'34780',4,'2024-11-26 15:20:17','2024-11-26 15:50:17',1),(38,'34780',2,'2024-11-26 15:21:16','2024-11-26 15:41:16',1),(39,'34780',5,'2024-11-26 15:23:47','2024-11-26 15:53:47',1),(46,'34780',1,'2024-11-26 16:26:00','2024-11-26 17:16:00',0),(47,'34780',5,'2024-11-26 16:27:18','2024-11-26 17:57:18',0),(48,'34780',2,'2024-11-26 16:27:54','2024-11-26 16:50:54',0);
/*!40000 ALTER TABLE `buildingupgrades` ENABLE KEYS */;
UNLOCK TABLES;

--
-- Table structure for table `contracts`
--

DROP TABLE IF EXISTS `contracts`;
/*!40101 SET @saved_cs_client     = @@character_set_client */;
/*!50503 SET character_set_client = utf8mb4 */;
CREATE TABLE `contracts` (
  `id` int NOT NULL AUTO_INCREMENT,
  `contractName` varchar(255) NOT NULL,
  `value` json NOT NULL,
  PRIMARY KEY (`id`),
  UNIQUE KEY `contractName` (`contractName`)
) ENGINE=InnoDB AUTO_INCREMENT=12 DEFAULT CHARSET=utf8mb4 COLLATE=utf8mb4_0900_ai_ci;
/*!40101 SET character_set_client = @saved_cs_client */;

--
-- Dumping data for table `contracts`
--

LOCK TABLES `contracts` WRITE;
/*!40000 ALTER TABLE `contracts` DISABLE KEYS */;
INSERT INTO `contracts` VALUES (2,'100GEM','{\"Gem\": 100, \"price\": 0.99}'),(3,'500GEM','{\"Gem\": 550, \"price\": 4.99}'),(4,'1200GEM','{\"Gem\": 1200, \"price\": 9.99}'),(5,'2600GEM','{\"Gem\": 2600, \"price\": 19.99}'),(6,'7000GEM','{\"Gem\": 7000, \"price\": 49.99}'),(7,'15000GEM','{\"Gem\": 15000, \"price\": 99.99}'),(8,'100REWARD','{\"Gem\": 100}'),(9,'200REWARD','{\"Gem\": 200}'),(10,'400REWARD','{\"Gem\": 400}'),(11,'600REWARD','{\"Gem\": 600}');
/*!40000 ALTER TABLE `contracts` ENABLE KEYS */;
UNLOCK TABLES;

--
-- Table structure for table `playerbuildings`
--

DROP TABLE IF EXISTS `playerbuildings`;
/*!40101 SET @saved_cs_client     = @@character_set_client */;
/*!50503 SET character_set_client = utf8mb4 */;
CREATE TABLE `playerbuildings` (
  `playerToken` int NOT NULL,
  `buildings` json DEFAULT NULL,
  PRIMARY KEY (`playerToken`)
) ENGINE=InnoDB DEFAULT CHARSET=utf8mb4 COLLATE=utf8mb4_0900_ai_ci;
/*!40101 SET character_set_client = @saved_cs_client */;

--
-- Dumping data for table `playerbuildings`
--

LOCK TABLES `playerbuildings` WRITE;
/*!40000 ALTER TABLE `playerbuildings` DISABLE KEYS */;
INSERT INTO `playerbuildings` VALUES (34780,'[{\"level\": 6, \"position\": {\"x\": -60.19293212890625, \"y\": 10.01751708984375}, \"building_id\": 1}, {\"level\": 4, \"position\": {\"x\": -280, \"y\": -147}, \"building_id\": 2}, {\"level\": 6, \"position\": {\"x\": 213, \"y\": -195}, \"building_id\": 3}, {\"level\": 5, \"position\": {\"x\": 134, \"y\": 115}, \"building_id\": 4}, {\"level\": 5, \"position\": {\"x\": -271.0877380371094, \"y\": 99.64910888671876}, \"building_id\": 5}]');
/*!40000 ALTER TABLE `playerbuildings` ENABLE KEYS */;
UNLOCK TABLES;
/*!50003 SET @saved_cs_client      = @@character_set_client */ ;
/*!50003 SET @saved_cs_results     = @@character_set_results */ ;
/*!50003 SET @saved_col_connection = @@collation_connection */ ;
/*!50003 SET character_set_client  = utf8mb4 */ ;
/*!50003 SET character_set_results = utf8mb4 */ ;
/*!50003 SET collation_connection  = utf8mb4_0900_ai_ci */ ;
/*!50003 SET @saved_sql_mode       = @@sql_mode */ ;
/*!50003 SET sql_mode              = 'ONLY_FULL_GROUP_BY,STRICT_TRANS_TABLES,NO_ZERO_IN_DATE,NO_ZERO_DATE,ERROR_FOR_DIVISION_BY_ZERO,NO_ENGINE_SUBSTITUTION' */ ;
DELIMITER ;;
/*!50003 CREATE*/ /*!50017 DEFINER=`root`@`localhost`*/ /*!50003 TRIGGER `set_default_buildings` BEFORE INSERT ON `playerbuildings` FOR EACH ROW BEGIN
    IF NEW.buildings IS NULL THEN
        SET NEW.buildings = '[{"level": 1, "position": {"x": -303, "y": 82.5}, "building_id": 1}, {"level": 1, "position": {"x": -280, "y": -146.25}, "building_id": 2}, {"level": 1, "position": {"x": 213.75, "y": -195}, "building_id": 3}, {"level": 1, "position": {"x": 133.75, "y": 115}, "building_id": 4}]';
    END IF;
END */;;
DELIMITER ;
/*!50003 SET sql_mode              = @saved_sql_mode */ ;
/*!50003 SET character_set_client  = @saved_cs_client */ ;
/*!50003 SET character_set_results = @saved_cs_results */ ;
/*!50003 SET collation_connection  = @saved_col_connection */ ;

--
-- Table structure for table `users`
--

DROP TABLE IF EXISTS `users`;
/*!40101 SET @saved_cs_client     = @@character_set_client */;
/*!50503 SET character_set_client = utf8mb4 */;
CREATE TABLE `users` (
  `playerToken` int NOT NULL,
  `email` varchar(45) DEFAULT NULL,
  `password_hash` varchar(255) DEFAULT NULL,
  `username` varchar(45) DEFAULT NULL,
  `avatarCode` int DEFAULT '1',
  `bio` varchar(255) DEFAULT NULL,
  `wheat` int DEFAULT '0',
  `stone` int DEFAULT '0',
  `wood` int DEFAULT '0',
  `iron` int DEFAULT '0',
  `elixir` int DEFAULT '0',
  `population` int DEFAULT '6',
  `civilization` int DEFAULT '20',
  `wheatrate` int DEFAULT '60',
  `stonerate` int DEFAULT '60',
  `woodrate` int DEFAULT '60',
  `ironrate` int DEFAULT '60',
  `elixirrate` int DEFAULT '0',
  `capacity` int DEFAULT '5000',
  PRIMARY KEY (`playerToken`)
) ENGINE=InnoDB DEFAULT CHARSET=utf8mb4 COLLATE=utf8mb4_0900_ai_ci;
/*!40101 SET character_set_client = @saved_cs_client */;

--
-- Dumping data for table `users`
--

LOCK TABLES `users` WRITE;
/*!40000 ALTER TABLE `users` DISABLE KEYS */;
INSERT INTO `users` VALUES (34780,'alireza@gmail.com','$2b$10$/aNn08JInkgnwdHal4QEyegvnqojKInMyZFdjK/4oGRAmMP7hm5xS','ALIREZA',NULL,NULL,2890,2420,2430,3490,0,6,20,60,60,60,60,0,5000);
/*!40000 ALTER TABLE `users` ENABLE KEYS */;
UNLOCK TABLES;

--
-- Dumping events for database 'battle-of-eternals'
--

--
-- Dumping routines for database 'battle-of-eternals'
--
/*!40103 SET TIME_ZONE=@OLD_TIME_ZONE */;

/*!40101 SET SQL_MODE=@OLD_SQL_MODE */;
/*!40014 SET FOREIGN_KEY_CHECKS=@OLD_FOREIGN_KEY_CHECKS */;
/*!40014 SET UNIQUE_CHECKS=@OLD_UNIQUE_CHECKS */;
/*!40101 SET CHARACTER_SET_CLIENT=@OLD_CHARACTER_SET_CLIENT */;
/*!40101 SET CHARACTER_SET_RESULTS=@OLD_CHARACTER_SET_RESULTS */;
/*!40101 SET COLLATION_CONNECTION=@OLD_COLLATION_CONNECTION */;
/*!40111 SET SQL_NOTES=@OLD_SQL_NOTES */;

-- Dump completed on 2024-11-26 16:41:46
